Collection Time,Synchronized to Cloud,Collected By,Longitude,Latitude,Confidence,Status
2026-07-01T00:20:31Z,2026-07-01T00:24:05.928Z,1e00000990,141.4440302,43.0184791,50,0
2026-07-01T00:51:09Z,2026-07-01T04:07:08.764Z,1e00000990,141.4444762,43.0235834,40,0
2026-07-01T01:13:25Z,2026-07-01T04:07:08.764Z,1e00000990,141.4447208,43.0238787,51,0
2026-07-01T01:23:26Z,2026-07-01T04:07:08.764Z,1e00000990,141.4447293,43.0260437,75,0
2026-07-01T01:24:04Z,2026-07-01T04:07:08.764Z,1e00000990,141.4458862,43.0299034,30,0
2026-07-01T01:32:11Z,2026-07-01T04:07:08.764Z,1e00000990,141.4462641,43.0298826,85,0
2026-07-01T02:40:04Z,2026-07-01T04:07:08.764Z,1e00000990,141.4514161,43.028534,200,0
2026-07-01T02:40:07Z,2026-07-01T04:07:08.764Z,1e00000990,141.4514161,43.028534,200,0
2026-07-01T02:40:32Z,2026-07-01T04:07:08.764Z,1e00000990,141.4514161,43.028534,200,0
2026-07-01T07:04:09Z,2026-07-01T07:57:05.41Z,1e00000990,141.4495734,43.0326152,21,0
2026-07-01T07:09:08Z,2026-07-01T07:57:05.41Z,1e00000990,141.4501218,43.0327362,161,0
2026-07-01T07:10:10Z,2026-07-01T07:57:05.41Z,1e00000990,141.4498752,43.0328064,146,0
2026-07-01T07:10:12Z,2026-07-01T07:57:05.41Z,1e00000990,141.4498527,43.0327745,150,0
2026-07-01T07:10:13Z,2026-07-01T07:57:05.41Z,1e00000990,141.449376,43.0326639,69,0
2026-07-01T07:13:09Z,2026-07-01T07:57:05.41Z,1e00000990,141.4501632,43.0349649,139,0
2026-07-01T07:20:06Z,2026-07-01T07:57:05.41Z,1e00000990,141.4376172,43.0642277,35,0
2026-07-01T10:01:09Z,2026-07-01T11:39:05.62Z,1e00000990,141.4256509,43.0772608,180,0
2026-07-01T10:01:48Z,2026-07-01T11:39:05.62Z,1e00000990,141.4243957,43.076804,97,0
2026-07-01T10:05:07Z,2026-07-01T11:39:05.62Z,1e00000990,141.4250366,43.0757887,66,0
2026-07-01T10:06:32Z,2026-07-01T11:39:05.62Z,1e00000990,141.4251738,43.0750954,25,0
2026-07-01T10:32:33Z,2026-07-01T11:39:05.62Z,1e00000990,141.4296089,43.0779187,157,0
2026-07-01T10:48:46Z,2026-07-01T11:39:05.62Z,1e00000990,141.4257173,43.0752757,121,0
2026-07-01T11:59:47Z,2026-07-01T15:32:07.104Z,1e00000990,141.4252595,43.0758172,100,0
2026-07-01T12:00:53Z,2026-07-01T19:11:07.57Z,1e00000990,141.4252166,43.0757758,89,0
2026-07-01T12:08:06Z,2026-07-01T19:11:07.57Z,1e00000990,141.4252258,43.0754864,90,0
2026-07-01T12:10:13Z,2026-07-01T19:11:07.57Z,1e00000990,141.4254354,43.0758357,76,0
2026-07-01T12:16:11Z,2026-07-01T19:11:07.57Z,1e00000990,141.4296103,43.0784151,157,0
2026-07-01T12:16:14Z,2026-07-01T19:11:07.57Z,1e00000990,141.4257664,43.0756229,153,0
2026-07-01T12:20:10Z,2026-07-01T19:11:07.57Z,1e00000990,141.4273346,43.0775428,117,0
2026-07-01T17:43:10Z,2026-07-01T19:11:07.57Z,1e00000990,141.4254722,43.0755463,22,0
2026-07-01T21:51:30Z,2026-07-01T22:51:05.921Z,1e00000990,141.4308121,43.0720644,41,0
2026-07-01T21:51:32Z,2026-07-01T22:51:05.921Z,1e00000990,141.4309508,43.0720644,41,0
2026-07-01T21:51:52Z,2026-07-01T22:51:05.921Z,1e00000990,141.4318224,43.0716373,69,0
2026-07-01T21:55:18Z,2026-07-01T22:51:05.921Z,1e00000990,141.4318699,43.0724757,26,0
2026-07-01T22:03:31Z,2026-07-01T22:51:05.921Z,1e00000990,141.4308582,43.0733794,172,0
2026-07-01T22:24:57Z,2026-07-01T22:51:05.921Z,1e00000990,141.431761,43.0710219,124,0
2026-07-01T22:31:51Z,2026-07-01T22:51:05.921Z,1e00000990,141.4212699,43.069817,226,0
2026-07-01T22:48:31Z,2026-07-01T22:51:05.921Z,1e00000990,141.4297442,43.0666722,222,0
2026-07-06T08:19:16Z,2026-07-06T09:43:06.31Z,1e00000990,141.6176412,42.6469694,38,0
2026-07-06T08:19:30Z,2026-07-06T09:43:06.31Z,1e00000990,141.6171355,42.6461304,31,0
2026-07-06T08:19:33Z,2026-07-06T13:23:05.932Z,1e00000990,141.6146867,42.6454387,145,0
2026-07-06T08:19:34Z,2026-07-06T13:23:05.932Z,1e00000990,141.6144898,42.6453682,164,0
2026-07-06T08:19:38Z,2026-07-06T13:23:05.932Z,1e00000990,141.6183419,42.6461543,19,0
2026-07-06T08:20:10Z,2026-07-06T13:23:05.932Z,1e00000990,141.6221799,42.6483656,36,0
2026-07-06T08:20:17Z,2026-07-06T13:23:05.932Z,1e00000990,141.6247875,42.6480465,40,0
2026-07-06T08:20:34Z,2026-07-06T13:23:05.932Z,1e00000990,141.6260654,42.6469632,91,0
2026-07-06T09:53:30Z,2026-07-06T13:23:05.932Z,1e00000990,141.6167062,42.639974,98,0
2026-07-07T00:55:04Z,2026-07-07T01:43:05.793Z,1e00000990,141.6232254,42.6485511,101,0
2026-07-07T00:57:03Z,2026-07-07T01:43:05.793Z,1e00000990,141.6152878,42.6456159,32,0
2026-07-07T01:01:59Z,2026-07-07T01:43:05.793Z,1e00000990,141.6126343,42.6446258,176,0
2026-07-07T01:02:21Z,2026-07-07T01:43:05.793Z,1e00000990,141.6151345,42.64561,63,0
2026-07-07T01:07:20Z,2026-07-07T01:43:05.793Z,1e00000990,141.6147687,42.6466525,50,0
2026-07-07T01:09:01Z,2026-07-07T01:43:05.793Z,1e00000990,141.6138819,42.6458252,97,0
2026-07-07T01:09:42Z,2026-07-07T01:43:05.793Z,1e00000990,141.6143266,42.6457741,91,0
2026-07-07T01:14:40Z,2026-07-07T01:43:05.793Z,1e00000990,141.6108424,42.6445592,163,0
2026-07-07T04:25:37Z,2026-07-07T05:15:04.85Z,1e00000990,141.6141779,42.646864,41,0
2026-07-07T04:27:42Z,2026-07-07T05:15:04.85Z,1e00000990,141.6141706,42.6468658,161,0
2026-07-07T04:28:35Z,2026-07-07T05:15:04.85Z,1e00000990,141.6168476,42.6467021,165,0
2026-07-07T04:28:40Z,2026-07-07T05:15:04.85Z,1e00000990,141.6153444,42.6457642,120,0
2026-07-07T04:31:41Z,2026-07-07T05:15:04.85Z,1e00000990,141.6154459,42.645845,43,0
2026-07-07T04:32:40Z,2026-07-07T05:15:04.85Z,1e00000990,141.6249321,42.6463704,166,0
2026-07-07T04:42:37Z,2026-07-07T05:15:04.85Z,1e00000990,141.6284589,42.644375,69,0
2026-07-07T08:11:20Z,2026-07-07T09:00:05.179Z,1e00000990,141.6184897,42.6408412,141,0
2026-07-07T08:11:40Z,2026-07-07T09:00:05.179Z,1e00000990,141.6184524,42.641292,93,0
2026-07-07T08:13:56Z,2026-07-07T09:00:05.179Z,1e00000990,141.6189014,42.6403815,21,0
2026-07-07T08:14:04Z,2026-07-07T09:00:05.179Z,1e00000990,141.6198135,42.6418898,87,0
2026-07-07T08:22:24Z,2026-07-07T09:00:05.179Z,1e00000990,141.6185923,42.640543,31,0
2026-07-07T08:49:31Z,2026-07-07T09:00:05.179Z,1e00000990,141.6181135,42.6413776,89,0
2026-07-07T08:52:06Z,2026-07-07T09:00:05.179Z,1e00000990,141.6172686,42.6403159,87,0
2026-07-07T09:55:57Z,2026-07-07T12:42:05.623Z,1e00000990,141.6223318,42.6303458,137,0
2026-07-07T10:25:17Z,2026-07-07T12:42:05.623Z,1e00000990,141.6144462,42.6340674,102,0
2026-07-07T11:17:57Z,2026-07-07T12:42:05.623Z,1e00000990,141.6154601,42.6347451,75,0
2026-07-07T11:26:43Z,2026-07-07T12:42:05.623Z,1e00000990,141.6154601,42.6347451,59,0
2026-07-07T11:27:20Z,2026-07-07T12:42:05.623Z,1e00000990,141.6154601,42.6347451,59,0
2026-07-07T12:05:36Z,2026-07-07T12:42:05.623Z,1e00000990,141.6153859,42.6349987,116,0
2026-07-07T12:34:39Z,2026-07-07T12:42:05.623Z,1e00000990,141.6153694,42.6347109,95,0
2026-07-07T12:39:37Z,2026-07-07T12:42:05.623Z,1e00000990,141.6146788,42.6340758,84,0
2026-07-08T02:15:28Z,2026-07-08T03:13:05.401Z,1e00000990,141.6120795,42.6447788,35,0
2026-07-08T02:21:01Z,2026-07-08T03:13:05.401Z,1e00000990,141.6112721,42.6450004,60,0
2026-07-08T02:24:21Z,2026-07-08T03:13:05.401Z,1e00000990,141.6115768,42.6443353,58,0
2026-07-08T02:24:40Z,2026-07-08T03:13:05.401Z,1e00000990,141.6121306,42.6447881,123,0
2026-07-08T02:25:00Z,2026-07-08T03:13:05.401Z,1e00000990,141.6112712,42.6450028,131,0
2026-07-08T02:42:07Z,2026-07-08T03:13:05.401Z,1e00000990,141.6203687,42.647673,179,0
2026-07-08T02:50:00Z,2026-07-08T03:13:05.401Z,1e00000990,141.6118172,42.6450484,54,0
2026-07-08T05:48:27Z,2026-07-08T06:47:05.037Z,1e00000990,141.6119016,42.6443817,82,0
2026-07-08T05:57:42Z,2026-07-08T06:47:05.037Z,1e00000990,141.6117167,42.6446864,51,0
2026-07-08T05:58:42Z,2026-07-08T06:47:05.037Z,1e00000990,141.6108974,42.6442,141,0
2026-07-08T06:07:47Z,2026-07-08T06:47:05.037Z,1e00000990,141.611644,42.6446083,30,0
2026-07-08T06:18:06Z,2026-07-08T06:47:05.037Z,1e00000990,141.6116436,42.6444433,23,0
2026-07-08T09:38:24Z,2026-07-08T10:32:11.252Z,1e00000990,141.6187401,42.6406957,41,0
2026-07-08T09:38:26Z,2026-07-08T17:28:05.55Z,1e00000990,141.6188504,42.6405725,63,0
2026-07-08T09:38:27Z,2026-07-08T17:28:05.55Z,1e00000990,141.6186325,42.6406122,43,0
2026-07-08T09:38:28Z,2026-07-08T17:28:05.55Z,1e00000990,141.6188163,42.6405738,27,0
2026-07-08T09:38:43Z,2026-07-08T17:28:05.55Z,1e00000990,141.6188131,42.640578,44,0
2026-07-08T09:38:47Z,2026-07-08T17:28:05.55Z,1e00000990,141.6184825,42.6410223,43,0
2026-07-08T09:41:17Z,2026-07-08T17:28:05.55Z,1e00000990,141.6184844,42.6410964,37,0
2026-07-08T09:45:46Z,2026-07-08T17:28:05.55Z,1e00000990,141.6174579,42.637562,51,0
2026-07-08T10:33:48Z,2026-07-08T17:28:05.55Z,1e00000990,141.6222975,42.6336531,28,0
2026-07-08T19:33:47Z,2026-07-08T21:02:04.849Z,1e00000990,141.6195544,42.6476643,82,0
2026-07-08T20:12:44Z,2026-07-08T21:02:04.849Z,1e00000990,141.6156637,42.6454568,33,0
2026-07-08T20:22:47Z,2026-07-08T21:02:04.849Z,1e00000990,141.6143768,42.6465969,25,0
2026-07-08T20:24:27Z,2026-07-08T21:02:04.849Z,1e00000990,141.6159865,42.6457228,46,0
2026-07-08T20:24:45Z,2026-07-08T21:02:04.849Z,1e00000990,141.6143657,42.6466181,20,0
2026-07-08T20:29:47Z,2026-07-08T21:02:04.849Z,1e00000990,141.6143609,42.6465898,26,0
2026-07-08T20:34:45Z,2026-07-08T21:02:04.849Z,1e00000990,141.6143506,42.6465852,26,0
2026-07-08T20:45:46Z,2026-07-08T21:02:04.849Z,1e00000990,141.6143478,42.6466008,29,0
2026-07-09T00:27:25Z,2026-07-09T00:41:05.629Z,1e00000990,141.6160462,42.6469382,95,0
2026-07-09T00:27:28Z,2026-07-09T00:41:05.629Z,1e00000990,141.6143285,42.6465585,56,0
2026-07-09T00:27:48Z,2026-07-09T00:41:05.629Z,1e00000990,141.6143119,42.6465659,44,0
2026-07-09T00:32:05Z,2026-07-09T00:41:05.629Z,1e00000990,141.6102954,42.6438185,131,0
2026-07-09T00:32:53Z,2026-07-09T00:41:05.629Z,1e00000990,141.6115035,42.6443704,22,0
2026-07-09T00:39:26Z,2026-07-09T00:41:05.629Z,1e00000990,141.6119933,42.644861,75,0
2026-07-09T00:40:06Z,2026-07-09T00:41:05.629Z,1e00000990,141.6118339,42.6450547,72,0
2026-07-09T03:08:30Z,2026-07-09T04:11:05.288Z,1e00000990,141.6165534,42.6461482,72,0
2026-07-09T03:16:46Z,2026-07-09T04:11:05.288Z,1e00000990,141.6302566,42.650872,161,0
2026-07-09T03:53:50Z,2026-07-09T04:11:05.288Z,1e00000990,141.6173726,42.645929,104,0
2026-07-09T03:59:09Z,2026-07-09T04:11:05.288Z,1e00000990,141.615235,42.6455007,137,0
2026-07-09T04:04:28Z,2026-07-09T04:11:05.288Z,1e00000990,141.6156517,42.6465514,81,0
2026-07-09T04:05:28Z,2026-07-09T04:11:05.288Z,1e00000990,141.6157705,42.6462558,87,0
2026-07-09T04:05:46Z,2026-07-09T04:11:05.288Z,1e00000990,141.6161995,42.646465,40,0
2026-07-09T06:51:28Z,2026-07-09T07:47:05.232Z,1e00000990,141.6186278,42.6473273,183,0
2026-07-09T06:51:32Z,2026-07-09T07:47:05.232Z,1e00000990,141.6161407,42.6463929,21,0
2026-07-09T06:57:28Z,2026-07-09T07:47:05.232Z,1e00000990,141.6153566,42.6466434,78,0
2026-07-09T06:57:29Z,2026-07-09T07:47:05.232Z,1e00000990,141.6142125,42.6470051,95,0
2026-07-09T06:57:30Z,2026-07-09T07:47:05.232Z,1e00000990,141.6142121,42.6470048,108,0
2026-07-09T07:22:13Z,2026-07-09T07:47:05.232Z,1e00000990,141.6146897,42.6463173,82,0
2026-07-09T07:31:12Z,2026-07-09T07:47:05.232Z,1e00000990,141.6146839,42.6463141,44,0
2026-07-09T09:16:33Z,2026-07-09T11:24:05.66Z,1e00000990,141.6167485,42.6388694,76,0
2026-07-09T09:16:52Z,2026-07-09T18:40:05.592Z,1e00000990,141.6168811,42.6392806,76,0
2026-07-09T09:19:46Z,2026-07-09T18:40:05.592Z,1e00000990,141.6158631,42.6384823,44,0
2026-07-09T09:20:33Z,2026-07-09T18:40:05.592Z,1e00000990,141.6164534,42.6386866,148,0
2026-07-09T09:20:37Z,2026-07-09T18:40:05.592Z,1e00000990,141.6124052,42.6384138,22,0
2026-07-09T09:24:07Z,2026-07-09T18:40:05.592Z,1e00000990,141.6169792,42.6390675,19,0
2026-07-09T09:38:31Z,2026-07-09T18:40:05.592Z,1e00000990,141.6170471,42.6286339,206,0
2026-07-09T11:15:49Z,2026-07-09T18:40:05.592Z,1e00000990,141.6144909,42.6339224,117,0
2026-07-09T11:31:48Z,2026-07-09T18:40:05.592Z,1e00000990,141.6145092,42.634032,140,0
2026-07-09T21:10:53Z,2026-07-09T22:18:06.314Z,1e00000990,141.6143225,42.6465661,57,0
2026-07-09T21:14:53Z,2026-07-09T22:18:06.314Z,1e00000990,141.6146839,42.6463141,88,0
2026-07-09T21:23:27Z,2026-07-09T22:18:06.314Z,1e00000990,141.6143042,42.6465834,48,0
2026-07-09T21:25:53Z,2026-07-09T22:18:06.314Z,1e00000990,141.6143902,42.6465739,42,0
2026-07-09T21:26:49Z,2026-07-09T22:18:06.314Z,1e00000990,141.6143042,42.6465834,78,0
2026-07-09T21:32:50Z,2026-07-09T22:18:06.314Z,1e00000990,141.6143043,42.6465832,78,0
2026-07-09T21:42:52Z,2026-07-09T22:18:06.314Z,1e00000990,141.6137489,42.6466309,81,0
2026-07-09T22:03:52Z,2026-07-09T22:18:06.314Z,1e00000990,141.6144084,42.6459049,78,0
2026-07-10T01:29:11Z,2026-07-10T02:03:05.613Z,1e00000990,141.6162666,42.6468168,74,0
2026-07-10T01:32:11Z,2026-07-10T02:03:05.613Z,1e00000990,141.6162666,42.6468169,68,0
2026-07-10T01:37:32Z,2026-07-10T02:03:05.613Z,1e00000990,141.6167434,42.6465812,19,0
2026-07-10T01:39:32Z,2026-07-10T02:03:05.613Z,1e00000990,141.6163529,42.6467931,42,0
2026-07-10T01:40:36Z,2026-07-10T02:03:05.613Z,1e00000990,141.6165324,42.6465072,107,0
2026-07-10T01:54:59Z,2026-07-10T02:03:05.613Z,1e00000990,141.616243,42.646612,70,0
2026-07-10T01:55:13Z,2026-07-10T02:03:05.613Z,1e00000990,141.6164995,42.646559,139,0
2026-07-10T01:55:31Z,2026-07-10T02:03:05.613Z,1e00000990,141.6162051,42.6466701,95,0
2026-07-10T04:49:39Z,2026-07-10T05:34:05.713Z,1e00000990,141.6162667,42.646817,68,0
2026-07-10T04:56:55Z,2026-07-10T05:34:05.713Z,1e00000990,141.6178819,42.6474076,198,0
2026-07-10T05:10:11Z,2026-07-10T05:34:05.713Z,1e00000990,141.6118805,42.6448438,127,0
2026-07-10T05:10:12Z,2026-07-10T05:34:05.713Z,1e00000990,141.6161181,42.6458693,188,0
2026-07-10T05:13:31Z,2026-07-10T05:34:05.713Z,1e00000990,141.6168145,42.6463784,58,0
2026-07-10T05:15:19Z,2026-07-10T05:34:05.713Z,1e00000990,141.6167451,42.6466496,28,0
2026-07-10T08:29:32Z,2026-07-10T09:14:05.477Z,1e00000990,141.6285968,42.6489032,42,0
2026-07-10T08:31:58Z,2026-07-10T09:14:05.477Z,1e00000990,141.628036,42.6489943,26,0
2026-07-10T08:32:14Z,2026-07-10T09:14:05.477Z,1e00000990,141.6287465,42.6492659,144,0
2026-07-10T08:32:17Z,2026-07-10T09:14:05.477Z,1e00000990,141.6287618,42.649416,154,0
2026-07-10T08:48:13Z,2026-07-10T09:14:05.477Z,1e00000990,141.6314422,42.6478917,26,0
2026-07-10T08:48:16Z,2026-07-10T09:14:05.477Z,1e00000990,141.6315966,42.6476833,66,0
2026-07-10T08:56:57Z,2026-07-10T09:14:05.477Z,1e00000990,141.6330448,42.6461006,157,0
2026-07-10T10:29:20Z,2026-07-10T12:42:05.487Z,1e00000990,141.6154498,42.6347509,39,0
2026-07-10T10:33:17Z,2026-07-10T16:08:06.169Z,1e00000990,141.6143212,42.6337287,81,0
2026-07-10T10:33:19Z,2026-07-10T16:08:06.169Z,1e00000990,141.6146498,42.6337776,111,0
2026-07-10T10:34:38Z,2026-07-10T16:08:06.169Z,1e00000990,141.6154498,42.6347509,49,0
2026-07-10T10:40:52Z,2026-07-10T19:44:06.034Z,1e00000990,141.6154044,42.6337366,78,0
2026-07-10T10:58:57Z,2026-07-10T19:44:06.034Z,1e00000990,141.6154894,42.6350527,122,0
2026-07-10T11:44:20Z,2026-07-10T19:44:06.034Z,1e00000990,141.6153453,42.6348112,157,0
2026-07-10T11:51:39Z,2026-07-10T19:44:06.034Z,1e00000990,141.6159747,42.6338784,81,0
2026-07-10T11:52:52Z,2026-07-10T19:44:06.034Z,1e00000990,141.6152343,42.6348145,61,0
2026-07-10T17:17:55Z,2026-07-10T19:44:06.034Z,1e00000990,141.6147374,42.6349204,45,0
2026-07-10T17:27:41Z,2026-07-10T19:44:06.034Z,1e00000990,141.614735,42.6349202,42,0
2026-07-10T19:37:58Z,2026-07-10T19:44:06.034Z,1e00000990,141.6174271,42.6400154,48,0
2026-07-10T22:34:22Z,2026-07-11T00:05:10.354Z,1e00000990,141.6123308,42.6450684,159,0
2026-07-10T23:22:26Z,2026-07-11T00:05:10.354Z,1e00000990,141.605903,42.6430773,116,0
2026-07-10T23:26:57Z,2026-07-11T00:05:10.354Z,1e00000990,141.6164146,42.6467443,54,0
2026-07-10T23:28:57Z,2026-07-11T00:05:10.354Z,1e00000990,141.6165246,42.6465645,40,0
2026-07-10T23:29:59Z,2026-07-11T00:05:10.354Z,1e00000990,141.6161839,42.6466628,27,0
2026-07-10T23:31:56Z,2026-07-11T00:05:10.354Z,1e00000990,141.6161839,42.6466628,33,0
2026-07-10T23:48:58Z,2026-07-11T00:05:10.354Z,1e00000990,141.6162747,42.6466567,25,0
2026-07-10T23:57:59Z,2026-07-11T00:05:10.354Z,1e00000990,141.6163856,42.6464965,34,0
2026-07-11T01:55:03Z,2026-07-11T03:50:06.395Z,1e00000990,141.616598,42.6465453,126,0
2026-07-11T01:58:44Z,2026-07-11T03:50:06.395Z,1e00000990,141.6166371,42.6463287,51,0
2026-07-11T02:00:44Z,2026-07-11T03:50:06.395Z,1e00000990,141.6166879,42.646582,34,0
2026-07-11T03:19:58Z,2026-07-11T03:50:06.395Z,1e00000990,141.6192334,42.6471959,131,0
2026-07-11T03:21:17Z,2026-07-11T03:50:06.395Z,1e00000990,141.6165343,42.6465893,42,0
2026-07-11T03:30:23Z,2026-07-11T03:50:06.395Z,1e00000990,141.6166318,42.6465118,110,0
2026-07-11T03:36:58Z,2026-07-11T03:50:06.395Z,1e00000990,141.6164846,42.6465274,35,0
2026-07-11T06:33:46Z,2026-07-11T07:29:07.543Z,1e00000990,141.6110731,42.6430498,80,0
2026-07-11T06:34:43Z,2026-07-11T07:29:07.543Z,1e00000990,141.6110731,42.6430498,161,0
2026-07-11T06:35:38Z,2026-07-11T07:29:07.543Z,1e00000990,141.6110715,42.6430505,67,0
2026-07-11T06:39:00Z,2026-07-11T07:29:07.543Z,1e00000990,141.6106208,42.6437459,51,0
2026-07-11T06:39:03Z,2026-07-11T07:29:07.543Z,1e00000990,141.6106208,42.643746,49,0
2026-07-11T06:39:39Z,2026-07-11T07:29:07.543Z,1e00000990,141.6105119,42.6431867,52,0
2026-07-11T06:57:01Z,2026-07-11T07:29:07.543Z,1e00000990,141.6166859,42.64613,35,0
2026-07-11T09:18:38Z,2026-07-11T11:12:08.817Z,1e00000990,141.6137971,42.6391424,50,0
2026-07-11T09:21:42Z,2026-07-11T11:12:08.817Z,1e00000990,141.6137632,42.6391517,42,0
2026-07-11T09:23:20Z,2026-07-11T18:28:05.466Z,1e00000990,141.6133439,42.6390125,46,0
2026-07-11T09:28:38Z,2026-07-11T18:28:05.466Z,1e00000990,141.6137963,42.6391427,55,0
2026-07-11T09:36:24Z,2026-07-11T18:28:05.466Z,1e00000990,141.617239,42.6339107,34,0
2026-07-11T09:53:39Z,2026-07-11T18:28:05.466Z,1e00000990,141.6173072,42.6346819,31,0
2026-07-11T09:58:40Z,2026-07-11T18:28:05.466Z,1e00000990,141.6173275,42.6339739,42,0
2026-07-11T10:01:02Z,2026-07-11T18:28:05.466Z,1e00000990,141.6145456,42.6340037,201,0
2026-07-11T11:27:00Z,2026-07-11T18:28:05.466Z,1e00000990,141.6156657,42.6336495,47,0
2026-07-11T20:29:00Z,2026-07-11T22:04:05.545Z,1e00000990,141.6168137,42.6400508,66,0
2026-07-11T20:34:04Z,2026-07-11T22:04:05.545Z,1e00000990,141.6156763,42.6431983,69,0
2026-07-11T20:54:01Z,2026-07-11T22:04:05.545Z,1e00000990,141.6147913,42.6451664,22,0
2026-07-11T21:30:02Z,2026-07-11T22:04:05.545Z,1e00000990,141.6164076,42.6465839,33,0
2026-07-11T21:42:27Z,2026-07-11T22:04:05.545Z,1e00000990,141.6147767,42.6453216,35,0
2026-07-11T21:42:51Z,2026-07-11T22:04:05.545Z,1e00000990,141.6143229,42.6465761,20,0
2026-07-11T21:50:02Z,2026-07-11T22:04:05.545Z,1e00000990,141.6143149,42.6465673,39,0
2026-07-11T21:55:08Z,2026-07-11T22:04:05.545Z,1e00000990,141.614363,42.6466231,19,0
2026-07-12T01:42:51Z,2026-07-12T01:51:05.533Z,1e00000990,141.6158237,42.649738,97,0
2026-07-12T01:44:12Z,2026-07-12T01:51:05.533Z,1e00000990,141.6157847,42.6503267,200,0
2026-07-12T01:46:45Z,2026-07-12T01:51:05.533Z,1e00000990,141.6163792,42.6496246,34,0
2026-07-12T01:46:48Z,2026-07-12T01:51:05.533Z,1e00000990,141.6163827,42.6496214,36,0
2026-07-12T01:46:50Z,2026-07-12T01:51:05.533Z,1e00000990,141.6160729,42.6497844,79,0
2026-07-12T01:47:07Z,2026-07-12T01:51:05.533Z,1e00000990,141.6156787,42.6506954,161,0
2026-07-12T01:47:10Z,2026-07-12T01:51:05.533Z,1e00000990,141.6156787,42.6506954,165,0
2026-07-12T01:48:45Z,2026-07-12T01:51:05.533Z,1e00000990,141.6164781,42.649241,31,0
2026-07-12T05:22:11Z,2026-07-12T05:36:04.488Z,1e00000990,141.6100111,42.6443395,68,0
2026-07-12T05:24:04Z,2026-07-12T05:36:04.488Z,1e00000990,141.6103964,42.6446139,73,0
2026-07-12T05:25:45Z,2026-07-12T05:36:04.488Z,1e00000990,141.6103168,42.6446317,32,0
2026-07-12T05:25:48Z,2026-07-12T05:36:04.488Z,1e00000990,141.6105867,42.6452967,19,0
2026-07-12T05:26:31Z,2026-07-12T05:36:04.488Z,1e00000990,141.610369,42.6446527,44,0
2026-07-12T05:28:50Z,2026-07-12T05:36:04.488Z,1e00000990,141.6103186,42.6446301,35,0
2026-07-12T05:29:11Z,2026-07-12T05:36:04.488Z,1e00000990,141.610375,42.6446439,75,0
2026-07-12T05:32:09Z,2026-07-12T05:36:04.488Z,1e00000990,141.6103186,42.6446301,40,0
2026-07-12T08:38:28Z,2026-07-12T09:09:05.78Z,1e00000990,141.6093145,42.6437449,107,0
2026-07-12T08:46:32Z,2026-07-12T09:09:05.78Z,1e00000990,141.6144917,42.6455254,66,0
2026-07-12T08:51:29Z,2026-07-12T09:09:05.78Z,1e00000990,141.6147841,42.6453275,84,0
2026-07-12T08:53:06Z,2026-07-12T09:09:05.78Z,1e00000990,141.6147841,42.6453275,85,0
2026-07-12T08:56:08Z,2026-07-12T09:09:05.78Z,1e00000990,141.6146021,42.6452602,60,0
2026-07-12T08:58:47Z,2026-07-12T09:09:05.78Z,1e00000990,141.6147841,42.6453275,77,0
2026-07-12T09:03:46Z,2026-07-12T09:09:05.78Z,1e00000990,141.605641,42.6389652,81,0
2026-07-12T09:58:09Z,2026-07-12T23:54:04.976Z,1e00000990,141.615488,42.6347191,143,0
2026-07-12T10:27:31Z,2026-07-12T23:54:04.976Z,1e00000990,141.6152993,42.6339551,44,0
2026-07-12T10:27:51Z,2026-07-12T23:54:04.976Z,1e00000990,141.6154662,42.6348064,42,0
2026-07-12T11:43:07Z,2026-07-12T23:54:04.976Z,1e00000990,141.6154199,42.6347443,39,0
2026-07-12T11:56:06Z,2026-07-12T23:54:04.976Z,1e00000990,141.6160954,42.6335778,59,0
2026-07-12T11:56:07Z,2026-07-12T23:54:04.976Z,1e00000990,141.6154199,42.6347443,47,0
2026-07-12T12:22:05Z,2026-07-13T03:02:06.237Z,1e00000990,141.6158423,42.6348758,93,0
2026-07-12T22:27:04Z,2026-07-13T03:02:06.237Z,1e00000990,141.6449665,42.6456708,97,0
2026-07-13T01:53:48Z,2026-07-13T03:02:06.237Z,1e00000990,141.6299188,42.647751,163,0
2026-07-13T01:55:48Z,2026-07-13T03:02:06.237Z,1e00000990,141.6311088,42.6483493,147,0
2026-07-13T01:55:55Z,2026-07-13T03:02:06.237Z,1e00000990,141.631785,42.648461,121,0
2026-07-13T02:43:32Z,2026-07-13T03:02:06.237Z,1e00000990,141.6306464,42.6438502,75,0
2026-07-13T02:44:29Z,2026-07-13T03:02:06.237Z,1e00000990,141.6306464,42.6438502,75,0
2026-07-13T02:47:14Z,2026-07-13T03:02:06.237Z,1e00000990,141.6306464,42.6438502,81,0
2026-07-13T05:03:15Z,2026-07-13T06:19:05.616Z,1e00000990,141.6164516,42.6465515,74,0
2026-07-13T05:16:31Z,2026-07-13T06:19:05.616Z,1e00000990,141.6164587,42.6465619,85,0
2026-07-13T05:16:36Z,2026-07-13T06:19:05.616Z,1e00000990,141.6164636,42.6465517,82,0
2026-07-13T05:24:15Z,2026-07-13T06:19:05.616Z,1e00000990,141.6166196,42.6465454,26,0
2026-07-13T05:37:56Z,2026-07-13T06:19:05.616Z,1e00000990,141.6167034,42.6465765,23,0
2026-07-13T05:42:57Z,2026-07-13T06:19:05.616Z,1e00000990,141.6166721,42.6460994,42,0
2026-07-13T05:43:52Z,2026-07-13T06:19:05.616Z,1e00000990,141.6156889,42.645699,135,0
2026-07-13T06:12:12Z,2026-07-13T06:19:05.616Z,1e00000990,141.6162642,42.6468516,61,0
2026-07-13T08:27:35Z,2026-07-13T09:58:05.816Z,1e00000990,141.6173406,42.6449373,117,0
2026-07-13T08:27:36Z,2026-07-13T09:58:05.816Z,1e00000990,141.6186885,42.6431648,147,0
2026-07-13T08:27:56Z,2026-07-13T09:58:05.816Z,1e00000990,141.6213552,42.6452568,164,0
2026-07-13T09:11:35Z,2026-07-13T09:58:05.816Z,1e00000990,141.6286032,42.6476779,149,0
2026-07-13T09:22:50Z,2026-07-13T09:58:05.816Z,1e00000990,141.6289722,42.6473362,44,0
2026-07-13T09:25:33Z,2026-07-13T09:58:05.816Z,1e00000990,141.6282595,42.6475484,115,0
2026-07-13T09:41:10Z,2026-07-13T09:58:05.816Z,1e00000990,141.6270573,42.6471494,120,0
2026-07-13T10:08:50Z,2026-07-13T13:38:05.906Z,1e00000990,141.6168971,42.6382101,53,0
2026-07-13T10:09:10Z,2026-07-13T13:38:05.906Z,1e00000990,141.6156113,42.6358718,62,0
2026-07-13T10:09:15Z,2026-07-13T13:38:05.906Z,1e00000990,141.6154894,42.634758,58,0
2026-07-13T10:13:36Z,2026-07-13T17:09:04.946Z,1e00000990,141.6144491,42.6340615,121,0
2026-07-13T10:13:52Z,2026-07-13T17:09:04.946Z,1e00000990,141.612348,42.6336574,197,0
2026-07-13T10:16:57Z,2026-07-13T17:09:04.946Z,1e00000990,141.6152652,42.6348728,52,0
2026-07-13T10:23:14Z,2026-07-13T17:09:04.946Z,1e00000990,141.6198459,42.6345363,207,0
2026-07-13T10:37:14Z,2026-07-13T20:58:05.442Z,1e00000990,141.6154461,42.634307,43,0
2026-07-13T10:37:18Z,2026-07-13T20:58:05.442Z,1e00000990,141.6154689,42.6342845,44,0
2026-07-13T12:22:12Z,2026-07-13T20:58:05.442Z,1e00000990,141.6154702,42.6336772,25,0
2026-07-13T12:40:11Z,2026-07-13T20:58:05.442Z,1e00000990,141.615399,42.634298,71,0
2026-07-13T19:17:13Z,2026-07-13T20:58:05.442Z,1e00000990,141.6154075,42.6347455,41,0
2026-07-13T20:03:12Z,2026-07-13T20:58:05.442Z,1e00000990,141.6175272,42.6364175,89,0
2026-07-13T20:10:13Z,2026-07-13T20:58:05.442Z,1e00000990,141.614671,42.6461483,66,0
2026-07-13T20:12:27Z,2026-07-13T20:58:05.442Z,1e00000990,141.626074,42.6472075,146,0
2026-07-13T23:20:58Z,2026-07-14T00:26:04.915Z,1e00000990,141.6304545,42.6522094,19,0
2026-07-13T23:57:06Z,2026-07-14T00:26:04.915Z,1e00000990,141.6304729,42.652196,31,0
2026-07-14T00:02:20Z,2026-07-14T00:26:04.915Z,1e00000990,141.6299618,42.6510722,46,0
2026-07-14T00:14:39Z,2026-07-14T00:26:04.915Z,1e00000990,141.6284657,42.650921,85,0
2026-07-14T00:14:56Z,2026-07-14T00:26:04.915Z,1e00000990,141.6286094,42.6512841,91,0
2026-07-14T00:15:59Z,2026-07-14T00:26:04.915Z,1e00000990,141.6284657,42.650921,92,0
2026-07-14T00:17:15Z,2026-07-14T00:26:04.915Z,1e00000990,141.6285167,42.6504847,135,0
2026-07-14T00:24:10Z,2026-07-14T00:26:04.915Z,1e00000990,141.6259797,42.6501721,39,0
2026-07-14T03:07:58Z,2026-07-14T04:10:07.374Z,1e00000990,141.6170953,42.6458992,34,0
2026-07-14T03:11:15Z,2026-07-14T04:10:07.374Z,1e00000990,141.616888,42.6466281,24,0
2026-07-14T03:20:40Z,2026-07-14T04:10:07.374Z,1e00000990,141.6164435,42.6460126,62,0
2026-07-14T03:20:54Z,2026-07-14T04:10:07.374Z,1e00000990,141.616691,42.6461218,64,0
2026-07-14T03:32:41Z,2026-07-14T04:10:07.374Z,1e00000990,141.6163834,42.6468,43,0
2026-07-14T03:44:37Z,2026-07-14T04:10:07.374Z,1e00000990,141.6167497,42.6469395,114,0
2026-07-14T03:50:58Z,2026-07-14T04:10:07.374Z,1e00000990,141.6160105,42.6462797,129,0
2026-07-14T04:00:34Z,2026-07-14T04:10:07.374Z,1e00000990,141.617328,42.6459954,71,0
2026-07-14T05:15:57Z,2026-07-14T07:52:05.317Z,1e00000990,141.6146793,42.644971,187,0
2026-07-14T05:33:55Z,2026-07-14T07:52:05.317Z,1e00000990,141.617004,42.6462032,63,0
2026-07-14T05:46:47Z,2026-07-14T07:52:05.317Z,1e00000990,141.6221256,42.6508623,21,0
2026-07-14T05:46:59Z,2026-07-14T07:52:05.317Z,1e00000990,141.6167622,42.6465861,40,0
2026-07-14T05:49:39Z,2026-07-14T07:52:05.317Z,1e00000990,141.6163692,42.646806,58,0
2026-07-14T06:12:17Z,2026-07-14T07:52:05.317Z,1e00000990,141.6162674,42.6468563,74,0
2026-07-14T06:27:18Z,2026-07-14T07:52:05.317Z,1e00000990,141.6163695,42.6468053,40,0
2026-07-14T06:33:17Z,2026-07-14T07:52:05.317Z,1e00000990,141.6172845,42.6459302,39,0
2026-07-14T07:48:18Z,2026-07-14T11:23:04.98Z,1e00000990,141.6164818,42.6465428,19,0
2026-07-14T08:19:16Z,2026-07-14T11:23:04.98Z,1e00000990,141.6133839,42.6444231,150,0
2026-07-14T08:35:17Z,2026-07-14T15:12:04.534Z,1e00000990,141.6171862,42.6460222,145,0
2026-07-14T08:42:15Z,2026-07-14T15:12:04.534Z,1e00000990,141.6170483,42.6460663,117,0
2026-07-14T08:43:16Z,2026-07-14T18:40:04.431Z,1e00000990,141.6171985,42.6460051,128,0
2026-07-14T09:57:18Z,2026-07-14T18:40:04.431Z,1e00000990,141.6152377,42.6339497,83,0
2026-07-14T11:41:17Z,2026-07-14T18:40:04.431Z,1e00000990,141.6145285,42.634043,102,0
2026-07-14T12:20:17Z,2026-07-14T18:40:04.431Z,1e00000990,141.615906,42.63365,22,0
2026-07-14T12:20:18Z,2026-07-14T18:40:04.431Z,1e00000990,141.6149527,42.634805,167,0
2026-07-14T14:51:18Z,2026-07-14T18:40:04.431Z,1e00000990,141.6142021,42.6342099,136,0
2026-07-14T14:51:20Z,2026-07-14T18:40:04.431Z,1e00000990,141.6142021,42.6342099,152,0
2026-07-14T20:36:21Z,2026-07-14T22:11:04.676Z,1e00000990,141.6167862,42.6400483,48,0
2026-07-14T20:40:22Z,2026-07-14T22:11:04.676Z,1e00000990,141.6183531,42.6444201,40,0
2026-07-14T20:42:42Z,2026-07-14T22:11:04.676Z,1e00000990,141.6198928,42.6442951,41,0
2026-07-14T20:49:21Z,2026-07-14T22:11:04.676Z,1e00000990,141.6166687,42.6467257,48,0
2026-07-14T20:50:20Z,2026-07-14T22:11:04.676Z,1e00000990,141.6169805,42.6464245,158,0
2026-07-14T21:03:20Z,2026-07-14T22:11:04.676Z,1e00000990,141.6170314,42.6469121,72,0
2026-07-14T21:06:20Z,2026-07-14T22:11:04.676Z,1e00000990,141.6170314,42.6469122,77,0
2026-07-14T21:57:20Z,2026-07-14T22:11:04.676Z,1e00000990,141.6201331,42.6473257,30,0
2026-07-15T01:34:05Z,2026-07-15T01:58:07.139Z,1e00000990,141.6121415,42.6444443,59,0
2026-07-15T01:34:36Z,2026-07-15T01:58:07.139Z,1e00000990,141.6139529,42.6448921,155,0
2026-07-15T01:34:48Z,2026-07-15T01:58:07.139Z,1e00000990,141.612142,42.6444447,72,0
2026-07-15T01:35:47Z,2026-07-15T01:58:07.139Z,1e00000990,141.610487,42.6439767,31,0
2026-07-15T01:36:03Z,2026-07-15T01:58:07.139Z,1e00000990,141.6105324,42.6438793,81,0
2026-07-15T01:41:45Z,2026-07-15T01:58:07.139Z,1e00000990,141.6106668,42.6434582,31,0
2026-07-15T01:43:04Z,2026-07-15T01:58:07.139Z,1e00000990,141.6106668,42.6434582,30,0
2026-07-15T01:46:02Z,2026-07-15T01:58:07.139Z,1e00000990,141.6105123,42.6431831,54,0
2026-07-15T04:50:22Z,2026-07-15T05:44:06.427Z,1e00000990,141.6110599,42.6442121,33,0
2026-07-15T05:07:21Z,2026-07-15T05:44:06.427Z,1e00000990,141.611193,42.6442725,28,0
2026-07-15T05:09:03Z,2026-07-15T05:44:06.427Z,1e00000990,141.6115566,42.643391,102,0
2026-07-15T05:11:43Z,2026-07-15T05:44:06.427Z,1e00000990,141.611244,42.6442796,28,0
2026-07-15T05:28:45Z,2026-07-15T05:44:06.427Z,1e00000990,141.6112683,42.6450177,63,0
2026-07-15T05:43:24Z,2026-07-15T05:44:06.427Z,1e00000990,141.6106655,42.6434581,66,0
2026-07-15T05:43:41Z,2026-07-15T05:44:06.427Z,1e00000990,141.6106655,42.6434581,66,0
2026-07-15T05:43:47Z,2026-07-15T05:44:06.427Z,1e00000990,141.6106655,42.6434581,66,0
2026-07-15T08:51:42Z,2026-07-15T09:30:06.259Z,1e00000990,141.6114454,42.6443079,142,0
2026-07-15T08:52:42Z,2026-07-15T09:30:06.259Z,1e00000990,141.6136546,42.6448398,97,0
2026-07-15T08:52:46Z,2026-07-15T09:30:06.259Z,1e00000990,141.6133736,42.6449867,21,0
2026-07-15T08:54:45Z,2026-07-15T09:30:06.259Z,1e00000990,141.612882,42.6454745,68,0
2026-07-15T08:55:07Z,2026-07-15T09:30:06.259Z,1e00000990,141.6136195,42.6451313,78,0
2026-07-15T08:57:46Z,2026-07-15T09:30:06.259Z,1e00000990,141.6165743,42.6466083,176,0
2026-07-15T08:58:04Z,2026-07-15T20:08:06.126Z,1e00000990,141.6131901,42.6449271,27,0
2026-07-15T08:58:23Z,2026-07-15T20:08:06.126Z,1e00000990,141.6133468,42.6449654,20,0
2026-07-15T08:59:09Z,2026-07-15T20:08:06.126Z,1e00000990,141.6139994,42.6451017,103,0
2026-07-15T09:19:24Z,2026-07-15T20:08:06.126Z,1e00000990,141.612882,42.6454746,73,0
2026-07-15T09:31:22Z,2026-07-15T20:08:06.126Z,1e00000990,141.612133,42.6392592,47,0
2026-07-15T09:41:22Z,2026-07-15T20:08:06.126Z,1e00000990,141.6110415,42.6386494,93,0
2026-07-15T11:06:24Z,2026-07-15T20:08:06.126Z,1e00000990,141.6203018,42.6321272,184,0
2026-07-15T22:51:12Z,2026-07-15T23:46:06.27Z,1e00000990,141.6103539,42.6439241,62,0
2026-07-15T22:51:49Z,2026-07-15T23:46:06.27Z,1e00000990,141.6099648,42.6444822,59,0
2026-07-15T22:51:52Z,2026-07-15T23:46:06.27Z,1e00000990,141.6099648,42.6444822,59,0
2026-07-15T22:52:25Z,2026-07-15T23:46:06.27Z,1e00000990,141.6099648,42.6444822,59,0
2026-07-15T22:56:55Z,2026-07-15T23:46:06.27Z,1e00000990,141.6098222,42.6444927,50,0
2026-07-15T23:02:29Z,2026-07-15T23:46:06.27Z,1e00000990,141.6098306,42.6445159,43,0
2026-07-15T23:15:22Z,2026-07-15T23:46:06.27Z,1e00000990,141.6098334,42.6445137,50,0
2026-07-15T23:27:34Z,2026-07-15T23:46:06.27Z,1e00000990,141.6098123,42.6445229,45,0
2026-07-16T02:31:03Z,2026-07-16T03:31:06.062Z,1e00000990,141.6098437,42.6444523,42,0
2026-07-16T02:47:16Z,2026-07-16T03:31:06.062Z,1e00000990,141.6098819,42.6444037,109,0
2026-07-16T02:48:48Z,2026-07-16T03:31:06.062Z,1e00000990,141.609453,42.6445345,92,0
2026-07-16T02:59:05Z,2026-07-16T03:31:06.062Z,1e00000990,141.6098408,42.6444631,53,0
2026-07-16T03:05:11Z,2026-07-16T03:31:06.062Z,1e00000990,141.609453,42.6445345,79,0
2026-07-16T03:16:53Z,2026-07-16T03:31:06.062Z,1e00000990,141.6098727,42.6444979,76,0
2026-07-16T03:19:07Z,2026-07-16T03:31:06.062Z,1e00000990,141.609876,42.6445497,67,0
2026-07-16T03:23:15Z,2026-07-16T03:31:06.062Z,1e00000990,141.6098763,42.6445161,82,0
2026-07-16T04:30:22Z,2026-07-16T07:20:05.235Z,1e00000990,141.6099339,42.6443779,88,0
2026-07-16T04:38:24Z,2026-07-16T07:20:05.235Z,1e00000990,141.6099126,42.644437,62,0
2026-07-16T04:40:59Z,2026-07-16T07:20:05.235Z,1e00000990,141.6099001,42.6444542,60,0
2026-07-16T06:48:31Z,2026-07-16T07:20:05.235Z,1e00000990,141.611248,42.6439019,69,0
2026-07-16T06:49:10Z,2026-07-16T07:20:05.235Z,1e00000990,141.6112012,42.6442754,29,0
2026-07-16T07:00:50Z,2026-07-16T07:20:05.235Z,1e00000990,141.6112031,42.6442775,19,0
2026-07-16T07:03:29Z,2026-07-16T07:20:05.235Z,1e00000990,141.6108473,42.6440886,134,0
2026-07-16T07:05:31Z,2026-07-16T07:20:05.235Z,1e00000990,141.611248,42.6439019,88,0
2026-07-16T09:11:56Z,2026-07-16T10:59:05.962Z,1e00000990,141.6330387,42.6512659,201,0
2026-07-16T09:17:51Z,2026-07-16T10:59:05.962Z,1e00000990,141.6274046,42.6468202,36,0
2026-07-16T09:17:54Z,2026-07-16T10:59:05.962Z,1e00000990,141.6289136,42.6472847,145,0
2026-07-16T09:37:36Z,2026-07-16T10:59:05.962Z,1e00000990,141.618302,42.6407716,64,0
2026-07-16T10:32:51Z,2026-07-16T10:59:05.962Z,1e00000990,141.614324,42.6336756,182,0
2026-07-16T10:34:33Z,2026-07-16T18:06:04.958Z,1e00000990,141.6150687,42.6349421,99,0
2026-07-16T10:38:31Z,2026-07-16T18:06:04.958Z,1e00000990,141.6145755,42.6341099,88,0
2026-07-16T10:38:36Z,2026-07-16T18:06:04.958Z,1e00000990,141.6145864,42.6341088,94,0
2026-07-16T10:39:11Z,2026-07-16T18:06:04.958Z,1e00000990,141.6153114,42.6337304,96,0
2026-07-16T10:49:10Z,2026-07-16T18:06:04.958Z,1e00000990,141.6196954,42.6342966,196,0
2026-07-16T10:49:33Z,2026-07-16T18:06:04.958Z,1e00000990,141.6145651,42.6340085,102,0
2026-07-16T11:20:30Z,2026-07-16T18:06:04.958Z,1e00000990,141.6147243,42.6341019,100,0
2026-07-16T20:44:34Z,2026-07-16T21:36:06.582Z,1e00000990,141.6104628,42.6439273,81,0
2026-07-16T20:45:34Z,2026-07-16T21:36:06.582Z,1e00000990,141.6104884,42.6439783,31,0
2026-07-16T20:54:34Z,2026-07-16T21:36:06.582Z,1e00000990,141.6107112,42.6435996,61,0
2026-07-16T20:55:34Z,2026-07-16T21:36:06.582Z,1e00000990,141.610659,42.6435205,122,0
2026-07-16T20:56:31Z,2026-07-16T21:36:06.582Z,1e00000990,141.6106646,42.6434547,53,0
2026-07-16T21:07:31Z,2026-07-16T21:36:06.582Z,1e00000990,141.6118686,42.6443928,82,0
2026-07-16T21:21:31Z,2026-07-16T21:36:06.582Z,1e00000990,141.6117393,42.6450426,48,0
2026-07-16T21:30:31Z,2026-07-16T21:36:06.582Z,1e00000990,141.6119269,42.6444031,40,0
2026-07-17T00:35:13Z,2026-07-17T01:13:06.199Z,1e00000990,141.6163713,42.646801,42,0
2026-07-17T00:39:34Z,2026-07-17T01:13:06.199Z,1e00000990,141.6164812,42.6462383,45,0
2026-07-17T00:39:35Z,2026-07-17T01:13:06.199Z,1e00000990,141.617623,42.6466487,68,0
2026-07-17T00:39:38Z,2026-07-17T01:13:06.199Z,1e00000990,141.6168105,42.6463364,101,0
2026-07-17T00:47:53Z,2026-07-17T01:13:06.199Z,1e00000990,141.6102333,42.6441521,172,0
2026-07-17T01:05:39Z,2026-07-17T01:13:06.199Z,1e00000990,141.6163713,42.646801,42,0
2026-07-17T03:53:57Z,2026-07-17T04:48:05.627Z,1e00000990,141.6169117,42.6466852,50,0
2026-07-17T03:56:19Z,2026-07-17T04:48:05.627Z,1e00000990,141.6163623,42.6467801,44,0
2026-07-17T04:12:14Z,2026-07-17T04:48:05.627Z,1e00000990,141.6121243,42.6447872,153,0
2026-07-17T04:12:15Z,2026-07-17T04:48:05.627Z,1e00000990,141.6113756,42.6445126,193,0
2026-07-17T04:16:33Z,2026-07-17T04:48:05.627Z,1e00000990,141.6166492,42.6461409,22,0
2026-07-17T04:24:52Z,2026-07-17T04:48:05.627Z,1e00000990,141.6088848,42.6438175,161,0
2026-07-17T04:28:17Z,2026-07-17T04:48:05.627Z,1e00000990,141.6162593,42.6468664,74,0
2026-07-17T04:37:55Z,2026-07-17T04:48:05.627Z,1e00000990,141.6173257,42.6470271,140,0
2026-07-17T06:06:41Z,2026-07-17T08:25:05.943Z,1e00000990,141.6162592,42.6468664,79,0
2026-07-17T06:12:34Z,2026-07-17T08:25:05.943Z,1e00000990,141.6162591,42.6468664,64,0
2026-07-17T06:14:34Z,2026-07-17T08:25:05.943Z,1e00000990,141.6163714,42.6467172,59,0
2026-07-17T06:37:01Z,2026-07-17T08:25:05.943Z,1e00000990,141.6173683,42.6470354,96,0
2026-07-17T06:37:59Z,2026-07-17T08:25:05.943Z,1e00000990,141.6187645,42.6467696,65,0
2026-07-17T06:43:14Z,2026-07-17T08:25:05.943Z,1e00000990,141.6186324,42.6467837,138,0
2026-07-17T07:16:33Z,2026-07-17T08:25:05.943Z,1e00000990,141.6222931,42.6478556,140,0
2026-07-17T08:13:35Z,2026-07-17T08:25:05.943Z,1e00000990,141.618441,42.6467586,177,0
2026-07-17T11:30:34Z,2026-07-17T11:54:06.071Z,1e00000990,141.6169597,42.6423646,147,0
2026-07-17T11:32:35Z,2026-07-17T11:54:06.071Z,1e00000990,141.6150749,42.6411566,30,0
2026-07-17T11:36:36Z,2026-07-17T11:54:06.071Z,1e00000990,141.6152,42.6412564,74,0
2026-07-17T11:39:34Z,2026-07-17T11:54:06.071Z,1e00000990,141.6150823,42.6408801,43,0
2026-07-17T11:48:35Z,2026-07-17T11:54:06.071Z,1e00000990,141.6152837,42.6410868,52,0
2026-07-17T11:53:36Z,2026-07-17T11:54:06.071Z,1e00000990,141.6148903,42.6410416,31,0
2026-07-17T14:39:36Z,2026-07-17T15:33:05.521Z,1e00000990,141.6152804,42.6412652,24,0
2026-07-17T14:40:37Z,2026-07-17T15:33:05.521Z,1e00000990,141.6132775,42.6402906,173,0
2026-07-17T14:44:38Z,2026-07-17T15:33:05.521Z,1e00000990,141.6154782,42.6411595,22,0
2026-07-17T14:47:35Z,2026-07-17T15:33:05.521Z,1e00000990,141.6151639,42.6410063,35,0
2026-07-17T14:51:36Z,2026-07-17T15:33:05.521Z,1e00000990,141.6153207,42.6410237,34,0
2026-07-17T14:51:37Z,2026-07-17T15:33:05.521Z,1e00000990,141.6208172,42.6442915,169,0
2026-07-17T14:55:36Z,2026-07-17T15:33:05.521Z,1e00000990,141.6150622,42.6409458,183,0
2026-07-17T15:03:36Z,2026-07-17T15:33:05.521Z,1e00000990,141.6154751,42.6411443,48,0
2026-07-17T16:39:39Z,2026-07-17T19:12:06.022Z,1e00000990,141.6168431,42.6422016,177,0
2026-07-17T16:52:36Z,2026-07-17T19:12:06.022Z,1e00000990,141.6156958,42.6413946,54,0
2026-07-17T16:53:37Z,2026-07-17T19:12:06.022Z,1e00000990,141.6148603,42.6410051,21,0
2026-07-17T17:27:36Z,2026-07-17T19:12:06.022Z,1e00000990,141.6152255,42.6411944,105,0
2026-07-17T17:34:37Z,2026-07-17T19:12:06.022Z,1e00000990,141.6182351,42.6429048,157,0
2026-07-17T18:16:39Z,2026-07-17T19:12:06.022Z,1e00000990,141.6160302,42.6414372,102,0
2026-07-17T18:41:38Z,2026-07-17T19:12:06.022Z,1e00000990,141.6180941,42.6431451,169,0
2026-07-17T21:30:39Z,2026-07-17T22:50:05.424Z,1e00000990,141.6202547,42.6477861,46,0
2026-07-17T21:54:40Z,2026-07-17T22:50:05.424Z,1e00000990,141.6199854,42.6473465,111,0
2026-07-17T22:01:40Z,2026-07-17T22:50:05.424Z,1e00000990,141.6141414,42.6452416,185,0
2026-07-17T22:02:37Z,2026-07-17T22:50:05.424Z,1e00000990,141.6194512,42.6471372,104,0
2026-07-17T22:15:16Z,2026-07-17T22:50:05.424Z,1e00000990,141.6455811,42.6532641,102,0
2026-07-17T22:18:39Z,2026-07-17T22:50:05.424Z,1e00000990,141.6182888,42.647163,30,0
2026-07-17T22:21:39Z,2026-07-17T22:50:05.424Z,1e00000990,141.618328,42.6474291,165,0
2026-07-17T22:37:37Z,2026-07-17T22:50:05.424Z,1e00000990,141.6202576,42.647547,98,0
2026-07-18T00:01:40Z,2026-07-18T02:15:05.172Z,1e00000990,141.6202439,42.6472792,101,0
2026-07-18T00:13:39Z,2026-07-18T02:15:05.172Z,1e00000990,141.6198876,42.6481009,129,0
2026-07-18T00:32:39Z,2026-07-18T02:15:05.172Z,1e00000990,141.6202752,42.6478148,55,0
2026-07-18T00:33:40Z,2026-07-18T02:15:05.172Z,1e00000990,141.620559,42.6478216,120,0
2026-07-18T00:34:41Z,2026-07-18T06:01:06.048Z,1e00000990,141.6202752,42.6478148,55,0
2026-07-18T00:40:41Z,2026-07-18T06:01:06.048Z,1e00000990,141.6202752,42.6478148,57,0
2026-07-18T00:43:40Z,2026-07-18T06:01:06.048Z,1e00000990,141.6207113,42.6474315,30,0
2026-07-18T02:08:40Z,2026-07-18T06:01:06.048Z,1e00000990,141.6197824,42.6443211,103,0
2026-07-18T02:30:38Z,2026-07-18T06:01:06.048Z,1e00000990,141.6199804,42.6445212,115,0
2026-07-18T02:37:41Z,2026-07-18T06:01:06.048Z,1e00000990,141.6191029,42.6438902,112,0
2026-07-18T02:43:41Z,2026-07-18T06:01:06.048Z,1e00000990,141.6196507,42.6448145,112,0
2026-07-18T08:32:43Z,2026-07-18T09:33:05.773Z,1e00000990,141.6205204,42.6445873,132,0
2026-07-18T08:33:42Z,2026-07-18T09:33:05.773Z,1e00000990,141.6193566,42.6444507,84,0
2026-07-18T08:36:40Z,2026-07-18T09:33:05.773Z,1e00000990,141.6193715,42.6444569,89,0
2026-07-18T09:12:41Z,2026-07-18T09:33:05.773Z,1e00000990,141.6186014,42.6437085,159,0
2026-07-18T09:19:44Z,2026-07-18T09:33:05.773Z,1e00000990,141.6185237,42.6436313,43,0
2026-07-18T09:21:43Z,2026-07-18T09:33:05.773Z,1e00000990,141.6185906,42.6438091,38,0
2026-07-18T09:21:44Z,2026-07-18T09:33:05.773Z,1e00000990,141.6186602,42.6439475,38,0
2026-07-18T09:30:30Z,2026-07-18T09:33:05.773Z,1e00000990,141.6193978,42.6442598,147,0
2026-07-18T12:16:12Z,2026-07-18T13:06:05.256Z,1e00000990,141.6109526,42.6384889,137,0
2026-07-18T12:20:42Z,2026-07-18T13:06:05.256Z,1e00000990,141.6182734,42.6432002,164,0
2026-07-18T12:23:41Z,2026-07-18T13:06:05.256Z,1e00000990,141.6189338,42.6438074,131,0
2026-07-18T12:23:44Z,2026-07-18T13:06:05.256Z,1e00000990,141.6189317,42.6436005,141,0
2026-07-18T12:26:41Z,2026-07-18T13:06:05.256Z,1e00000990,141.6185994,42.6432442,38,0
2026-07-18T12:28:41Z,2026-07-18T13:06:05.256Z,1e00000990,141.6186233,42.6434675,23,0
2026-07-18T12:29:41Z,2026-07-18T13:06:05.256Z,1e00000990,141.6185124,42.6432949,66,0
2026-07-18T12:29:42Z,2026-07-18T13:06:05.256Z,1e00000990,141.6185424,42.6432811,41,0
2026-07-18T14:02:45Z,2026-07-18T16:31:06.032Z,1e00000990,141.6191725,42.6440212,106,0
2026-07-18T14:06:43Z,2026-07-18T16:31:06.032Z,1e00000990,141.6187201,42.6437014,28,0
2026-07-18T14:40:42Z,2026-07-18T16:31:06.032Z,1e00000990,141.6194412,42.6438507,145,0
2026-07-18T15:21:43Z,2026-07-18T16:31:06.032Z,1e00000990,141.6193222,42.6442853,170,0
2026-07-18T15:32:44Z,2026-07-18T16:31:06.032Z,1e00000990,141.6184441,42.6445133,146,0
2026-07-18T15:33:42Z,2026-07-18T16:31:06.032Z,1e00000990,141.6187562,42.6442095,140,0
2026-07-18T16:03:44Z,2026-07-18T16:31:06.032Z,1e00000990,141.6189373,42.6442228,59,0
2026-07-18T16:08:42Z,2026-07-18T16:31:06.032Z,1e00000990,141.6184711,42.6440507,104,0
2026-07-18T19:07:45Z,2026-07-18T20:10:05.059Z,1e00000990,141.6188845,42.6441536,50,0
2026-07-18T19:12:46Z,2026-07-18T20:10:05.059Z,1e00000990,141.6182976,42.6435619,64,0
2026-07-18T19:17:46Z,2026-07-18T20:10:05.059Z,1e00000990,141.6182976,42.6435619,65,0
2026-07-18T19:19:43Z,2026-07-18T20:10:05.059Z,1e00000990,141.6182976,42.6435619,65,0
2026-07-18T19:35:46Z,2026-07-18T20:10:05.059Z,1e00000990,141.6182014,42.6431663,44,0
2026-07-18T19:59:29Z,2026-07-18T20:10:05.059Z,1e00000990,141.617875,42.6435964,21,0
2026-07-18T20:08:44Z,2026-07-18T23:53:05.715Z,1e00000990,141.6177797,42.6443508,67,0
2026-07-18T20:08:59Z,2026-07-18T23:53:05.715Z,1e00000990,141.6180807,42.6434446,54,0
2026-07-18T20:11:45Z,2026-07-18T23:53:05.715Z,1e00000990,141.6187407,42.6440054,24,0
2026-07-18T20:13:44Z,2026-07-18T23:53:05.715Z,1e00000990,141.6171566,42.64318,72,0
2026-07-18T21:02:45Z,2026-07-18T23:53:05.715Z,1e00000990,141.6180364,42.6429077,156,0
2026-07-18T23:14:44Z,2026-07-18T23:53:05.715Z,1e00000990,141.6194764,42.6436854,123,0
2026-07-18T23:34:44Z,2026-07-18T23:53:05.715Z,1e00000990,141.6208008,42.6431769,148,0
2026-07-18T23:37:46Z,2026-07-18T23:53:05.715Z,1e00000990,141.6202557,42.6443942,110,0
2026-07-19T02:15:48Z,2026-07-19T03:31:04.635Z,1e00000990,141.6194417,42.6472342,126,0
2026-07-19T02:16:48Z,2026-07-19T03:31:04.635Z,1e00000990,141.620038,42.647717,21,0
2026-07-19T02:37:48Z,2026-07-19T03:31:04.635Z,1e00000990,141.6196945,42.6474406,118,0
2026-07-19T03:02:47Z,2026-07-19T07:14:05.732Z,1e00000990,141.6199724,42.6472506,42,0
2026-07-19T03:10:46Z,2026-07-19T07:14:05.732Z,1e00000990,141.6194427,42.6445446,76,0
2026-07-19T04:14:48Z,2026-07-19T07:14:05.732Z,1e00000990,141.6204544,42.6440988,32,0
2026-07-19T06:12:49Z,2026-07-19T07:14:05.732Z,1e00000990,141.6213427,42.64486,157,0
2026-07-19T06:30:48Z,2026-07-19T07:14:05.732Z,1e00000990,141.6207133,42.6455152,106,0
2026-07-19T06:33:49Z,2026-07-19T07:14:05.732Z,1e00000990,141.6193847,42.6443061,142,0
2026-07-19T06:44:46Z,2026-07-19T07:14:05.732Z,1e00000990,141.620529,42.6456671,108,0
2026-07-19T10:06:48Z,2026-07-19T10:38:06.046Z,1e00000990,141.6186593,42.6437201,70,0
2026-07-19T10:06:49Z,2026-07-19T10:38:06.046Z,1e00000990,141.6191676,42.6443562,157,0
2026-07-19T10:07:47Z,2026-07-19T10:38:06.046Z,1e00000990,141.6193562,42.644036,104,0
2026-07-19T10:14:48Z,2026-07-19T10:38:06.046Z,1e00000990,141.6183488,42.6444138,81,0
2026-07-19T10:16:51Z,2026-07-19T10:38:06.046Z,1e00000990,141.6176265,42.6476707,175,0
2026-07-19T10:21:51Z,2026-07-19T10:38:06.046Z,1e00000990,141.6190942,42.6440871,92,0
2026-07-19T10:28:50Z,2026-07-19T10:38:06.046Z,1e00000990,141.6189675,42.6446639,93,0
2026-07-19T10:34:49Z,2026-07-19T10:38:06.046Z,1e00000990,141.6187469,42.6440569,77,0
2026-07-19T13:30:50Z,2026-07-19T14:26:06.06Z,1e00000990,141.6191883,42.6440429,77,0
2026-07-19T13:32:50Z,2026-07-19T14:26:06.06Z,1e00000990,141.6192567,42.6440986,65,0
2026-07-19T13:36:51Z,2026-07-19T14:26:06.06Z,1e00000990,141.6189623,42.6445546,114,0
2026-07-19T13:37:50Z,2026-07-19T14:26:06.06Z,1e00000990,141.6185398,42.6446619,128,0
2026-07-19T13:41:50Z,2026-07-19T14:26:06.06Z,1e00000990,141.618524,42.6435621,31,0
2026-07-19T13:47:51Z,2026-07-19T14:26:06.06Z,1e00000990,141.6187371,42.6437391,44,0
2026-07-19T13:49:19Z,2026-07-19T14:26:06.06Z,1e00000990,141.6100461,42.6470416,132,0
2026-07-19T16:30:51Z,2026-07-19T18:13:05.544Z,1e00000990,141.6189272,42.6442538,24,0
2026-07-19T16:35:51Z,2026-07-19T18:13:05.544Z,1e00000990,141.6185502,42.6444126,45,0
2026-07-19T16:54:50Z,2026-07-19T18:13:05.544Z,1e00000990,141.6187357,42.6437283,75,0
2026-07-19T16:54:52Z,2026-07-19T18:13:05.544Z,1e00000990,141.6188543,42.6440062,29,0
2026-07-19T17:27:52Z,2026-07-19T18:13:05.544Z,1e00000990,141.6188659,42.6443557,149,0
2026-07-19T17:39:49Z,2026-07-19T18:13:05.544Z,1e00000990,141.6183095,42.6432762,90,0
2026-07-19T17:39:52Z,2026-07-19T18:13:05.544Z,1e00000990,141.6183428,42.6433299,105,0
2026-07-19T19:28:52Z,2026-07-19T21:55:06.025Z,1e00000990,141.6092276,42.637482,114,0
2026-07-19T20:59:52Z,2026-07-19T21:55:06.025Z,1e00000990,141.6197286,42.6477242,61,0
2026-07-19T21:03:50Z,2026-07-19T21:55:06.025Z,1e00000990,141.6202345,42.6476971,34,0
2026-07-19T21:04:52Z,2026-07-19T21:55:06.025Z,1e00000990,141.6197286,42.6477242,62,0
2026-07-19T21:21:53Z,2026-07-19T21:55:06.025Z,1e00000990,141.6181736,42.6482435,65,0
2026-07-19T21:28:53Z,2026-07-19T21:55:06.025Z,1e00000990,141.6163623,42.6467801,44,0
2026-07-19T21:34:53Z,2026-07-19T21:55:06.025Z,1e00000990,141.6182468,42.6442432,200,0
2026-07-19T21:47:52Z,2026-07-19T21:55:06.025Z,1e00000990,141.6146031,42.6452786,50,0
2026-07-19T22:15:53Z,2026-07-20T01:41:05.936Z,1e00000990,141.614009,42.6453482,43,0
2026-07-19T22:28:36Z,2026-07-20T01:41:05.936Z,1e00000990,141.6147733,42.6453396,26,0
2026-07-19T22:37:51Z,2026-07-20T01:41:05.936Z,1e00000990,141.625083,42.6492851,75,0
2026-07-19T22:53:52Z,2026-07-20T01:41:05.936Z,1e00000990,141.6282558,42.6502056,81,0
2026-07-20T00:49:40Z,2026-07-20T01:41:05.936Z,1e00000990,141.6298582,42.6510422,68,0
2026-07-20T01:27:12Z,2026-07-20T01:41:05.936Z,1e00000990,141.628731,42.6489001,23,0
2026-07-20T04:37:19Z,2026-07-20T05:24:05.424Z,1e00000990,141.6196248,42.6443142,109,0
2026-07-20T04:40:39Z,2026-07-20T05:24:05.424Z,1e00000990,141.6195916,42.6443105,109,0
2026-07-20T04:45:56Z,2026-07-20T05:24:05.424Z,1e00000990,141.6195576,42.6443098,109,0
2026-07-20T04:53:39Z,2026-07-20T05:24:05.424Z,1e00000990,141.6198083,42.6447312,122,0
2026-07-20T04:56:33Z,2026-07-20T05:24:05.424Z,1e00000990,141.6198083,42.6447312,117,0
2026-07-20T04:59:32Z,2026-07-20T05:24:05.424Z,1e00000990,141.6186003,42.6435263,179,0
2026-07-20T05:04:18Z,2026-07-20T05:24:05.424Z,1e00000990,141.6211974,42.6449141,135,0
2026-07-20T05:10:17Z,2026-07-20T05:24:05.424Z,1e00000990,141.6194413,42.6441884,123,0
2026-07-20T06:21:12Z,2026-07-20T09:17:05.529Z,1e00000990,141.6237408,42.6468687,65,0
2026-07-20T06:21:14Z,2026-07-20T09:17:05.529Z,1e00000990,141.6241067,42.6468912,60,0
2026-07-20T06:21:18Z,2026-07-20T09:17:05.529Z,1e00000990,141.6244731,42.6469641,72,0
2026-07-20T06:21:41Z,2026-07-20T09:17:05.529Z,1e00000990,141.6235018,42.6472544,100,0
2026-07-20T06:29:55Z,2026-07-20T09:17:05.529Z,1e00000990,141.6237484,42.6470352,65,0
2026-07-20T07:53:15Z,2026-07-20T09:17:05.529Z,1e00000990,141.6277722,42.6489236,23,0
2026-07-20T08:36:56Z,2026-07-20T09:17:05.529Z,1e00000990,141.6244491,42.6492117,130,0
2026-07-20T10:08:56Z,2026-07-20T19:52:05.996Z,1e00000990,141.6146163,42.6341069,80,0
2026-07-20T10:09:40Z,2026-07-20T23:37:05.256Z,1e00000990,141.6145484,42.6340185,116,0
2026-07-20T10:10:35Z,2026-07-20T23:37:05.256Z,1e00000990,141.6134408,42.6351158,37,0
2026-07-20T10:11:20Z,2026-07-20T23:37:05.256Z,1e00000990,141.6142756,42.6346017,43,0
2026-07-20T10:13:53Z,2026-07-20T23:37:05.256Z,1e00000990,141.6144565,42.6340708,165,0
2026-07-20T10:15:13Z,2026-07-20T23:37:05.256Z,1e00000990,141.6180359,42.634228,65,0
2026-07-20T11:30:44Z,2026-07-20T23:37:05.256Z,1e00000990,141.6186729,42.6343553,97,0
2026-07-20T20:28:37Z,2026-07-20T23:37:05.256Z,1e00000990,141.6292777,42.6512915,63,0
2026-07-20T20:29:19Z,2026-07-20T23:37:05.256Z,1e00000990,141.6275284,42.6505902,96,0
2026-07-21T01:50:40Z,2026-07-21T03:20:06.244Z,1e00000990,141.620601,42.6473542,95,0
2026-07-21T01:53:25Z,2026-07-21T03:20:06.244Z,1e00000990,141.6182738,42.6471747,144,0
2026-07-21T01:54:25Z,2026-07-21T03:20:06.244Z,1e00000990,141.6172348,42.6460017,97,0
2026-07-21T01:54:42Z,2026-07-21T03:20:06.244Z,1e00000990,141.6173745,42.646038,99,0
2026-07-21T01:57:01Z,2026-07-21T03:20:06.244Z,1e00000990,141.617034,42.6468947,92,0
2026-07-21T02:03:20Z,2026-07-21T03:20:06.244Z,1e00000990,141.6165849,42.6461038,146,0
2026-07-21T02:19:24Z,2026-07-21T03:20:06.244Z,1e00000990,141.6196146,42.6433352,69,0
2026-07-21T02:41:45Z,2026-07-21T03:20:06.244Z,1e00000990,141.6189568,42.6473142,129,0
2026-07-21T04:42:43Z,2026-07-21T06:50:05.608Z,1e00000990,141.6203126,42.644251,19,0
2026-07-21T04:43:59Z,2026-07-21T06:50:05.608Z,1e00000990,141.6202655,42.6442406,29,0
2026-07-21T05:01:24Z,2026-07-21T06:50:05.608Z,1e00000990,141.6204389,42.6440102,52,0
2026-07-21T05:17:18Z,2026-07-21T06:50:05.608Z,1e00000990,141.6204486,42.644312,45,0
2026-07-21T05:34:05Z,2026-07-21T06:50:05.608Z,1e00000990,141.6203341,42.6441663,20,0
2026-07-21T05:49:42Z,2026-07-21T06:50:05.608Z,1e00000990,141.6202794,42.6442717,28,0
2026-07-21T06:09:45Z,2026-07-21T06:50:05.608Z,1e00000990,141.6208056,42.6446158,166,0
2026-07-21T06:40:44Z,2026-07-21T06:50:05.608Z,1e00000990,141.6176315,42.6466976,167,0
2026-07-21T08:19:23Z,2026-07-21T08:39:05.441Z,1e00000990,141.6192357,42.6470428,123,0
2026-07-21T08:26:03Z,2026-07-21T08:39:05.441Z,1e00000990,141.6212603,42.6488818,195,0
2026-07-21T08:27:40Z,2026-07-21T08:39:05.441Z,1e00000990,141.617449,42.6462266,90,0
2026-07-21T08:27:42Z,2026-07-21T08:39:05.441Z,1e00000990,141.617454,42.6462312,90,0
2026-07-21T08:28:03Z,2026-07-21T08:39:05.441Z,1e00000990,141.6197007,42.6476,131,0
2026-07-21T08:31:26Z,2026-07-21T08:39:05.441Z,1e00000990,141.6208657,42.6475605,102,0
2026-07-21T08:33:19Z,2026-07-21T09:17:05.538Z,1e00000990,141.6196256,42.6473011,76,0
2026-07-21T08:34:41Z,2026-07-21T09:17:05.538Z,1e00000990,141.6201548,42.6472379,102,0
2026-07-21T08:34:44Z,2026-07-21T09:17:05.538Z,1e00000990,141.6203409,42.6468835,147,0
2026-07-21T08:39:06Z,2026-07-21T09:17:05.538Z,1e00000990,141.6197265,42.6476244,43,0
2026-07-21T08:40:47Z,2026-07-21T09:17:05.538Z,1e00000990,141.6239022,42.6467929,84,0
2026-07-21T08:42:05Z,2026-07-21T09:17:05.538Z,1e00000990,141.6197201,42.6471728,30,0
2026-07-21T09:11:44Z,2026-07-21T09:17:05.538Z,1e00000990,141.6194963,42.6476275,80,0
2026-07-21T09:58:22Z,2026-07-21T10:13:05.906Z,1e00000990,141.6185751,42.6435336,23,0
2026-07-21T09:58:27Z,2026-07-21T10:13:05.906Z,1e00000990,141.6185741,42.6435357,45,0
2026-07-21T09:59:01Z,2026-07-21T10:13:05.906Z,1e00000990,141.6191185,42.6445192,135,0
2026-07-21T10:00:22Z,2026-07-21T10:13:05.906Z,1e00000990,141.618374,42.6434358,154,0
2026-07-21T10:01:02Z,2026-07-21T10:13:05.906Z,1e00000990,141.6186197,42.6437499,48,0
2026-07-21T10:05:27Z,2026-07-21T10:13:05.906Z,1e00000990,141.6186762,42.643945,30,0
2026-07-21T10:07:01Z,2026-07-21T10:13:05.906Z,1e00000990,141.6182148,42.6431245,137,0
2026-07-21T10:51:46Z,2026-07-21T11:11:05.625Z,1e00000990,141.618575,42.643554,39,0
2026-07-21T10:52:27Z,2026-07-21T11:11:05.625Z,1e00000990,141.6184596,42.643566,128,0
2026-07-21T10:53:45Z,2026-07-21T11:11:05.625Z,1e00000990,141.6183521,42.6443327,160,0
2026-07-21T10:54:24Z,2026-07-21T11:11:05.625Z,1e00000990,141.6186822,42.6436948,24,0
2026-07-21T10:56:20Z,2026-07-21T11:11:05.625Z,1e00000990,141.618992,42.644134,120,0
2026-07-21T10:58:06Z,2026-07-21T11:11:05.625Z,1e00000990,141.6186491,42.6435408,38,0
2026-07-21T10:58:23Z,2026-07-21T11:11:05.625Z,1e00000990,141.6185716,42.6435866,63,0
2026-07-21T10:58:26Z,2026-07-21T11:11:05.625Z,1e00000990,141.618533,42.6435014,63,0
2026-07-21T11:54:02Z,2026-07-21T12:23:05.548Z,1e00000990,141.6188575,42.6435456,126,0
2026-07-21T11:59:59Z,2026-07-21T12:23:05.548Z,1e00000990,141.6174561,42.6433824,157,0
2026-07-21T12:06:02Z,2026-07-21T12:23:05.548Z,1e00000990,141.6192167,42.6440238,81,0
2026-07-21T12:07:01Z,2026-07-21T12:23:05.548Z,1e00000990,141.6181096,42.6433323,100,0
2026-07-21T12:08:00Z,2026-07-21T12:23:05.548Z,1e00000990,141.6181096,42.6433323,100,0
2026-07-21T12:08:02Z,2026-07-21T12:23:05.548Z,1e00000990,141.6189386,42.6432397,20,0
2026-07-21T12:11:01Z,2026-07-21T12:23:05.548Z,1e00000990,141.6173765,42.6422629,167,0
2026-07-21T12:37:59Z,2026-07-21T13:20:05.727Z,1e00000990,141.6181559,42.6433155,99,0
2026-07-21T12:42:01Z,2026-07-21T13:20:05.727Z,1e00000990,141.6184392,42.6431891,25,0
2026-07-21T12:42:07Z,2026-07-21T13:20:05.727Z,1e00000990,141.6195418,42.6441394,169,0
2026-07-21T12:46:01Z,2026-07-21T13:20:05.727Z,1e00000990,141.6184614,42.6437736,81,0
2026-07-21T12:56:00Z,2026-07-21T13:20:05.727Z,1e00000990,141.6181062,42.6433233,99,0
2026-07-21T12:59:59Z,2026-07-21T13:20:05.727Z,1e00000990,141.6172856,42.6423839,149,0
2026-07-21T13:09:02Z,2026-07-21T13:20:05.727Z,1e00000990,141.6190576,42.6440118,47,0
2026-07-21T13:13:02Z,2026-07-21T13:20:05.727Z,1e00000990,141.6186931,42.6436021,43,0
2026-07-21T13:16:01Z,2026-07-21T14:16:05.247Z,1e00000990,141.6182686,42.643345,30,0
2026-07-21T13:19:02Z,2026-07-21T14:16:05.247Z,1e00000990,141.6180167,42.6436722,48,0
2026-07-21T13:23:03Z,2026-07-21T14:16:05.247Z,1e00000990,141.6185022,42.6437645,33,0
2026-07-21T13:25:00Z,2026-07-21T14:16:05.247Z,1e00000990,141.6180136,42.6436724,50,0
2026-07-21T13:42:00Z,2026-07-21T15:12:05.763Z,1e00000990,141.6185454,42.6434142,26,0
2026-07-21T13:51:00Z,2026-07-21T15:12:05.763Z,1e00000990,141.6179891,42.6436752,46,0
2026-07-21T13:55:03Z,2026-07-21T15:12:05.763Z,1e00000990,141.6181187,42.6433773,99,0
2026-07-21T14:11:00Z,2026-07-21T15:12:05.763Z,1e00000990,141.6182381,42.6434983,99,0
2026-07-21T14:28:01Z,2026-07-21T15:12:05.763Z,1e00000990,141.6182579,42.643394,99,0
2026-07-21T14:30:02Z,2026-07-21T15:12:05.763Z,1e00000990,141.6190676,42.6440798,80,0
2026-07-21T14:47:03Z,2026-07-21T15:12:05.763Z,1e00000990,141.6182384,42.6440212,155,0
2026-07-21T14:51:00Z,2026-07-21T15:12:05.763Z,1e00000990,141.6180425,42.6436687,48,0
2026-07-21T15:00:01Z,2026-07-21T15:55:05.726Z,1e00000990,141.6176626,42.6425872,109,0
2026-07-21T15:18:01Z,2026-07-21T15:55:05.726Z,1e00000990,141.618052,42.6436621,45,0
2026-07-21T15:22:02Z,2026-07-21T15:55:05.726Z,1e00000990,141.619061,42.6439352,123,0
2026-07-21T15:22:03Z,2026-07-21T15:55:05.726Z,1e00000990,141.6187511,42.6437763,33,0
2026-07-21T15:23:03Z,2026-07-21T15:55:05.726Z,1e00000990,141.618052,42.6436621,49,0
2026-07-21T15:30:00Z,2026-07-21T16:52:06.159Z,1e00000990,141.6184927,42.6432701,69,0
2026-07-21T15:35:02Z,2026-07-21T16:52:06.159Z,1e00000990,141.6180455,42.6436632,55,0
2026-07-21T15:37:00Z,2026-07-21T16:52:06.159Z,1e00000990,141.6184003,42.6434811,39,0
2026-07-21T15:56:00Z,2026-07-21T16:52:06.159Z,1e00000990,141.6168196,42.6421422,167,0
2026-07-21T16:01:01Z,2026-07-21T16:52:06.159Z,1e00000990,141.618562,42.6433319,29,0
2026-07-21T16:02:00Z,2026-07-21T16:52:06.159Z,1e00000990,141.6180172,42.6436562,54,0
2026-07-21T16:28:02Z,2026-07-21T16:52:06.159Z,1e00000990,141.6180512,42.6437002,49,0
2026-07-21T16:46:01Z,2026-07-21T16:52:06.159Z,1e00000990,141.6185177,42.6431615,41,0
2026-07-21T16:56:02Z,2026-07-21T17:54:05.219Z,1e00000990,141.6183876,42.6429118,29,0
2026-07-21T17:00:03Z,2026-07-21T17:54:05.219Z,1e00000990,141.6182838,42.6433364,87,0
2026-07-21T17:11:02Z,2026-07-21T17:54:05.219Z,1e00000990,141.617986,42.6436496,36,0
2026-07-21T17:17:01Z,2026-07-21T17:54:05.219Z,1e00000990,141.6179863,42.6436514,46,0
2026-07-21T17:25:21Z,2026-07-21T17:54:05.219Z,1e00000990,141.6175326,42.6432247,56,0
2026-07-21T17:28:04Z,2026-07-21T18:49:05.588Z,1e00000990,141.6179791,42.6433242,99,0
2026-07-21T17:32:01Z,2026-07-21T18:49:05.588Z,1e00000990,141.6184926,42.6435617,43,0
2026-07-21T17:33:04Z,2026-07-21T18:49:05.588Z,1e00000990,141.6182707,42.6434326,99,0
2026-07-21T17:57:01Z,2026-07-21T19:42:06.177Z,1e00000990,141.6181697,42.6434011,69,0
2026-07-21T18:09:04Z,2026-07-21T19:42:06.177Z,1e00000990,141.6180166,42.6436512,58,0
2026-07-21T18:24:03Z,2026-07-21T19:42:06.177Z,1e00000990,141.6185021,42.6435671,35,0
2026-07-21T18:32:01Z,2026-07-21T19:42:06.177Z,1e00000990,141.6125732,42.6416261,200,0
2026-07-21T18:35:04Z,2026-07-21T19:42:06.177Z,1e00000990,141.6179866,42.6436445,28,0
2026-07-21T18:52:03Z,2026-07-21T21:24:05.721Z,1e00000990,141.6180211,42.6436734,42,0
2026-07-21T19:20:03Z,2026-07-21T22:28:05.757Z,1e00000990,141.6180764,42.6436811,55,0
2026-07-21T19:35:04Z,2026-07-22T02:38:05.934Z,1e00000990,141.6185734,42.6433016,45,0
2026-07-21T19:48:02Z,2026-07-22T03:46:06.275Z,1e00000990,141.6179554,42.643536,28,0
2026-07-21T19:56:02Z,2026-07-22T04:47:05.428Z,1e00000990,141.6181146,42.6434241,102,0
2026-07-21T19:58:04Z,2026-07-22T04:47:05.428Z,1e00000990,141.6182378,42.6429886,39,0
2026-07-21T20:17:44Z,2026-07-22T05:25:05.177Z,1e00000990,141.6180351,42.6431423,122,0
2026-07-21T20:18:04Z,2026-07-22T05:25:05.177Z,1e00000990,141.6234527,42.6458554,167,0
2026-07-21T22:22:02Z,2026-07-22T05:25:05.177Z,1e00000990,141.6197595,42.6446298,82,0
2026-07-22T02:11:03Z,2026-07-22T05:25:05.177Z,1e00000990,141.6207516,42.6447661,80,0
2026-07-22T02:11:05Z,2026-07-22T05:25:05.177Z,1e00000990,141.620611,42.6445878,67,0
2026-07-22T05:10:49Z,2026-07-22T05:25:05.177Z,1e00000990,141.6210647,42.642833,159,0
2026-07-22T05:12:06Z,2026-07-22T05:25:05.177Z,1e00000990,141.620235,42.6420025,98,0
2026-07-22T05:35:39Z,2026-07-22T06:22:06.129Z,1e00000990,141.6220206,42.642623,82,0
2026-07-22T05:41:47Z,2026-07-22T06:22:06.129Z,1e00000990,141.6214072,42.6424809,137,0
2026-07-22T05:41:49Z,2026-07-22T06:22:06.129Z,1e00000990,141.6214072,42.6424809,137,0
2026-07-22T05:44:31Z,2026-07-22T06:22:06.129Z,1e00000990,141.6215558,42.6427381,162,0
2026-07-22T05:44:48Z,2026-07-22T06:22:06.129Z,1e00000990,141.6201413,42.6421941,32,0
2026-07-22T05:47:12Z,2026-07-22T06:22:06.129Z,1e00000990,141.620927,42.6418017,153,0
2026-07-22T05:49:27Z,2026-07-22T06:22:06.129Z,1e00000990,141.6195865,42.6417866,96,0
2026-07-22T05:50:45Z,2026-07-22T06:22:06.129Z,1e00000990,141.6199428,42.6419277,140,0
2026-07-22T06:08:30Z,2026-07-22T07:29:07.564Z,1e00000990,141.6205969,42.6305959,43,0
2026-07-22T06:11:50Z,2026-07-22T07:29:07.564Z,1e00000990,141.6205523,42.6304321,138,0
2026-07-22T06:17:49Z,2026-07-22T07:29:07.564Z,1e00000990,141.6196222,42.6345529,146,0
2026-07-22T06:33:04Z,2026-07-22T07:29:07.564Z,1e00000990,141.6150474,42.6300922,183,0
2026-07-22T07:04:04Z,2026-07-22T07:29:07.564Z,1e00000990,141.6205258,42.6342553,56,0
2026-07-22T07:04:06Z,2026-07-22T08:29:07.211Z,1e00000990,141.6205223,42.6342531,187,0
2026-07-22T07:42:06Z,2026-07-22T09:22:07.427Z,1e00000990,141.6197462,42.6349832,89,0
2026-07-22T07:42:12Z,2026-07-22T12:14:05.772Z,1e00000990,141.6197249,42.6349079,88,0
2026-07-22T07:42:53Z,2026-07-22T12:14:05.772Z,1e00000990,141.6199951,42.6350013,37,0
2026-07-22T07:45:24Z,2026-07-22T12:14:05.772Z,1e00000990,141.6195436,42.6347702,93,0
2026-07-22T07:45:27Z,2026-07-22T12:14:05.772Z,1e00000990,141.6195127,42.6347962,93,0
2026-07-22T07:49:29Z,2026-07-22T19:48:05.478Z,1e00000990,141.6197556,42.634739,87,0
2026-07-22T07:51:11Z,2026-07-22T19:48:05.478Z,1e00000990,141.6195117,42.6348004,108,0
2026-07-22T08:07:04Z,2026-07-22T20:48:05.576Z,1e00000990,141.6196483,42.6345319,189,0
2026-07-22T08:13:33Z,2026-07-22T20:48:05.576Z,1e00000990,141.6193086,42.6350962,109,0
2026-07-22T08:35:40Z,2026-07-22T20:48:05.576Z,1e00000990,141.6197495,42.6344563,107,0
2026-07-22T12:27:08Z,2026-07-22T20:48:05.576Z,1e00000990,141.6191986,42.634494,83,0
2026-07-22T12:28:08Z,2026-07-22T20:48:05.576Z,1e00000990,141.6191986,42.634494,85,0
2026-07-22T20:19:11Z,2026-07-22T20:48:05.576Z,1e00000990,141.6179873,42.6367836,105,0
2026-07-22T20:43:35Z,2026-07-22T20:48:05.576Z,1e00000990,141.6143108,42.6381208,53,0
2026-07-22T20:45:11Z,2026-07-22T20:48:05.576Z,1e00000990,141.6166176,42.6374842,67,0
2026-07-22T20:50:28Z,2026-07-22T21:52:06.148Z,1e00000990,141.6158133,42.6377215,41,0
2026-07-22T20:51:30Z,2026-07-22T22:53:05.817Z,1e00000990,141.616625,42.6374758,64,0
2026-07-22T20:52:08Z,2026-07-22T22:53:05.817Z,1e00000990,141.6182269,42.6411789,36,0
2026-07-22T20:52:11Z,2026-07-22T22:53:05.817Z,1e00000990,141.6182269,42.6411789,37,0
2026-07-22T20:52:16Z,2026-07-22T22:53:05.817Z,1e00000990,141.6182695,42.6428383,61,0
2026-07-22T20:52:29Z,2026-07-22T23:44:06.372Z,1e00000990,141.6176842,42.642593,167,0
2026-07-22T20:52:51Z,2026-07-22T23:44:06.372Z,1e00000990,141.6206673,42.6455556,149,0
2026-07-22T21:17:16Z,2026-07-22T23:44:06.372Z,1e00000990,141.6299606,42.6511348,39,0
2026-07-22T21:26:12Z,2026-07-22T23:44:06.372Z,1e00000990,141.6288573,42.650765,39,0
2026-07-22T23:11:14Z,2026-07-22T23:44:06.372Z,1e00000990,141.6287438,42.6489128,78,0
2026-07-22T23:18:36Z,2026-07-23T00:32:08.724Z,1e00000990,141.6287893,42.6488969,33,0
2026-07-22T23:23:49Z,2026-07-23T00:32:08.724Z,1e00000990,141.6210675,42.6496285,253,0
2026-07-22T23:34:34Z,2026-07-23T00:32:08.724Z,1e00000990,141.6240866,42.6481744,64,0
2026-07-22T23:57:33Z,2026-07-23T00:32:08.724Z,1e00000990,141.6194763,42.6440693,132,0
2026-07-22T23:58:54Z,2026-07-23T00:32:08.724Z,1e00000990,141.6199035,42.6440467,134,0
2026-07-22T23:59:11Z,2026-07-23T00:32:08.724Z,1e00000990,141.6191524,42.6441594,105,0
2026-07-23T00:01:13Z,2026-07-23T00:32:08.724Z,1e00000990,141.6165624,42.6419866,197,0
2026-07-23T00:07:37Z,2026-07-23T01:33:06.207Z,1e00000990,141.6227299,42.6455915,162,0
2026-07-23T00:28:09Z,2026-07-23T01:33:06.207Z,1e00000990,141.6206215,42.6437099,142,0
2026-07-23T00:29:37Z,2026-07-23T01:33:06.207Z,1e00000990,141.6193664,42.643809,150,0
2026-07-23T00:32:55Z,2026-07-23T02:37:06.449Z,1e00000990,141.6203249,42.6440351,59,0
2026-07-23T00:53:33Z,2026-07-23T02:37:06.449Z,1e00000990,141.6209418,42.6434708,78,0
2026-07-23T00:59:11Z,2026-07-23T02:37:06.449Z,1e00000990,141.6203104,42.6441666,36,0
2026-07-23T01:15:52Z,2026-07-23T02:37:06.449Z,1e00000990,141.6224613,42.6454211,162,0
2026-07-23T01:33:14Z,2026-07-23T02:37:06.449Z,1e00000990,141.6205644,42.6441873,106,0
2026-07-23T01:35:52Z,2026-07-23T02:37:06.449Z,1e00000990,141.6204236,42.6440933,33,0
2026-07-23T01:55:12Z,2026-07-23T02:37:06.449Z,1e00000990,141.6195373,42.6439012,134,0
2026-07-23T02:29:49Z,2026-07-23T03:42:06.179Z,1e00000990,141.6271087,42.6470126,71,0
2026-07-23T02:32:57Z,2026-07-23T03:42:06.179Z,1e00000990,141.6203774,42.6442616,25,0
2026-07-23T03:07:57Z,2026-07-23T05:28:05.717Z,1e00000990,141.6203129,42.6442314,44,0
2026-07-23T03:12:12Z,2026-07-23T05:28:05.717Z,1e00000990,141.6189992,42.6436219,169,0
2026-07-23T03:19:50Z,2026-07-23T05:28:05.717Z,1e00000990,141.6202427,42.6442615,49,0
2026-07-23T03:19:54Z,2026-07-23T05:28:05.717Z,1e00000990,141.6192875,42.6443541,126,0
2026-07-23T03:26:36Z,2026-07-23T06:29:06.587Z,1e00000990,141.6201883,42.6441944,76,0
2026-07-23T03:39:33Z,2026-07-23T06:29:06.587Z,1e00000990,141.6204254,42.6440769,28,0
2026-07-23T04:01:49Z,2026-07-23T06:29:06.587Z,1e00000990,141.6196766,42.6440735,102,0
2026-07-23T04:07:31Z,2026-07-23T06:29:06.587Z,1e00000990,141.6195408,42.6440845,101,0
2026-07-23T05:13:58Z,2026-07-23T07:22:06.24Z,1e00000990,141.6190783,42.644481,54,0
2026-07-23T05:18:31Z,2026-07-23T07:22:06.24Z,1e00000990,141.6202785,42.6442655,27,0
2026-07-23T05:32:37Z,2026-07-23T07:22:06.24Z,1e00000990,141.620113,42.6441996,165,0
2026-07-23T05:54:57Z,2026-07-23T07:22:06.24Z,1e00000990,141.6193002,42.6437892,167,0
2026-07-23T07:00:00Z,2026-07-23T07:22:06.24Z,1e00000990,141.619153,42.6410002,150,0
2026-07-23T07:04:56Z,2026-07-23T07:22:06.24Z,1e00000990,141.6182464,42.6410603,219,0
2026-07-23T07:09:12Z,2026-07-23T07:22:06.24Z,1e00000990,141.6196288,42.6398585,48,0
2026-07-23T07:12:54Z,2026-07-23T07:22:06.24Z,1e00000990,141.6217803,42.6427596,120,0
2026-07-23T07:14:18Z,2026-07-23T08:19:06.38Z,1e00000990,141.6196289,42.6398586,43,0
2026-07-23T07:19:38Z,2026-07-23T08:19:06.38Z,1e00000990,141.6196288,42.6398585,40,0
2026-07-23T07:20:32Z,2026-07-23T08:19:06.38Z,1e00000990,141.6196525,42.6397708,155,0
2026-07-23T07:21:33Z,2026-07-23T08:19:06.38Z,1e00000990,141.6190387,42.6369603,141,0
2026-07-23T07:22:32Z,2026-07-23T08:19:06.38Z,1e00000990,141.6189951,42.6360805,159,0
2026-07-23T07:49:53Z,2026-07-23T08:19:06.38Z,1e00000990,141.6192619,42.6355413,162,0
2026-07-23T07:52:35Z,2026-07-23T08:19:06.38Z,1e00000990,141.6192238,42.635517,126,0
2026-07-23T08:46:36Z,2026-07-23T09:18:05.389Z,1e00000990,141.6195757,42.6347073,45,0
2026-07-23T08:51:50Z,2026-07-23T09:18:05.389Z,1e00000990,141.6201226,42.6345545,67,0
2026-07-23T08:53:56Z,2026-07-23T09:18:05.389Z,1e00000990,141.6195805,42.6350209,115,0
2026-07-23T08:55:58Z,2026-07-23T09:18:05.389Z,1e00000990,141.6193957,42.6349321,62,0
2026-07-23T09:07:13Z,2026-07-23T09:18:05.389Z,1e00000990,141.6202769,42.635025,63,0
2026-07-23T09:08:10Z,2026-07-23T19:22:06.954Z,1e00000990,141.6202769,42.635025,63,0
2026-07-23T09:08:13Z,2026-07-23T19:22:06.954Z,1e00000990,141.6202769,42.635025,63,0
2026-07-23T09:08:32Z,2026-07-23T19:22:06.954Z,1e00000990,141.619849,42.6344456,113,0
2026-07-23T09:08:55Z,2026-07-23T20:10:05.589Z,1e00000990,141.6206487,42.6327475,44,0
2026-07-23T09:10:27Z,2026-07-23T20:10:05.589Z,1e00000990,141.6210441,42.6340392,219,0
2026-07-23T09:25:12Z,2026-07-23T20:10:05.589Z,1e00000990,141.6210746,42.6327212,68,0
2026-07-23T09:37:11Z,2026-07-23T20:10:05.589Z,1e00000990,141.6196826,42.6341721,80,0
2026-07-23T19:55:13Z,2026-07-23T20:10:05.589Z,1e00000990,141.619114,42.6401672,140,0
2026-07-23T20:00:15Z,2026-07-23T20:10:05.589Z,1e00000990,141.6184337,42.641422,48,0
2026-07-23T20:04:14Z,2026-07-23T20:10:05.589Z,1e00000990,141.6190365,42.640985,156,0
2026-07-23T20:16:14Z,2026-07-23T21:07:05.74Z,1e00000990,141.6182737,42.6404812,84,0
2026-07-23T20:17:16Z,2026-07-23T21:07:05.74Z,1e00000990,141.617664,42.6400252,76,0
2026-07-23T20:19:16Z,2026-07-23T21:07:05.74Z,1e00000990,141.6186916,42.6410699,51,0
2026-07-23T20:28:13Z,2026-07-23T22:00:05.743Z,1e00000990,141.6187872,42.640779,155,0
2026-07-23T20:29:13Z,2026-07-23T22:00:05.743Z,1e00000990,141.6186329,42.6412231,59,0
2026-07-23T20:34:33Z,2026-07-23T22:00:05.743Z,1e00000990,141.6178697,42.639547,167,0
2026-07-23T20:37:16Z,2026-07-23T22:00:05.743Z,1e00000990,141.6186997,42.6406705,35,0
2026-07-23T20:43:16Z,2026-07-23T22:00:05.743Z,1e00000990,141.6189059,42.6406285,22,0
2026-07-23T20:44:14Z,2026-07-23T22:50:05.39Z,1e00000990,141.618757,42.6409448,50,0
2026-07-23T20:46:16Z,2026-07-23T22:50:05.39Z,1e00000990,141.6189181,42.6406377,28,0
2026-07-23T21:30:14Z,2026-07-23T22:50:05.39Z,1e00000990,141.6197975,42.6447284,116,0
2026-07-23T22:16:10Z,2026-07-23T22:50:05.39Z,1e00000990,141.6194775,42.6475672,55,0
2026-07-23T22:16:48Z,2026-07-23T23:42:07.981Z,1e00000990,141.6266059,42.6469937,138,0
2026-07-23T22:19:41Z,2026-07-23T23:42:07.981Z,1e00000990,141.618901,42.6466986,57,0
2026-07-23T22:23:16Z,2026-07-23T23:42:07.981Z,1e00000990,141.6193635,42.6470864,155,0
2026-07-23T22:42:17Z,2026-07-23T23:42:07.981Z,1e00000990,141.6193182,42.6472206,70,0
2026-07-23T22:44:16Z,2026-07-24T01:42:06.298Z,1e00000990,141.6241169,42.6487251,117,0
2026-07-23T22:45:15Z,2026-07-24T01:42:06.298Z,1e00000990,141.6190066,42.6475549,97,0
2026-07-23T23:15:17Z,2026-07-24T01:42:06.298Z,1e00000990,141.6164747,42.6467394,30,0
2026-07-23T23:23:03Z,2026-07-24T01:42:06.298Z,1e00000990,141.6170446,42.6459113,90,0
2026-07-23T23:37:14Z,2026-07-24T01:42:06.298Z,1e00000990,141.6209841,42.6451117,109,0
2026-07-23T23:37:17Z,2026-07-24T01:42:06.298Z,1e00000990,141.6209841,42.6451117,127,0
2026-07-23T23:40:17Z,2026-07-24T01:42:06.298Z,1e00000990,141.6207861,42.6451863,101,0
2026-07-23T23:49:16Z,2026-07-24T01:42:06.298Z,1e00000990,141.6181151,42.6429743,163,0
2026-07-24T01:50:17Z,2026-07-24T02:42:06.324Z,1e00000990,141.6195612,42.6438551,61,0
2026-07-24T01:50:23Z,2026-07-24T02:42:06.324Z,1e00000990,141.6194486,42.6439555,75,0
2026-07-24T01:50:55Z,2026-07-24T02:42:06.324Z,1e00000990,141.619497,42.6438754,79,0
2026-07-24T01:50:58Z,2026-07-24T02:42:06.324Z,1e00000990,141.619516,42.6439302,19,0
2026-07-24T01:51:01Z,2026-07-24T02:42:06.324Z,1e00000990,141.6195161,42.6439303,19,0
2026-07-24T01:51:03Z,2026-07-24T02:42:06.324Z,1e00000990,141.6194212,42.6439556,124,0
2026-07-24T01:51:15Z,2026-07-24T02:42:06.324Z,1e00000990,141.6195161,42.6439302,19,0
2026-07-24T01:51:18Z,2026-07-24T02:42:06.324Z,1e00000990,141.6194579,42.6440379,106,0
2026-07-24T02:08:57Z,2026-07-24T03:42:05.281Z,1e00000990,141.6203427,42.6435044,167,0
2026-07-24T02:14:59Z,2026-07-24T03:42:05.281Z,1e00000990,141.6202994,42.6441791,27,0
2026-07-24T02:33:17Z,2026-07-24T04:25:06.135Z,1e00000990,141.6193288,42.6443084,151,0
2026-07-24T02:58:42Z,2026-07-24T04:25:06.135Z,1e00000990,141.6212526,42.64487,141,0
2026-07-24T02:59:24Z,2026-07-24T04:25:06.135Z,1e00000990,141.6426776,42.6522039,89,0
2026-07-24T03:08:22Z,2026-07-24T04:25:06.135Z,1e00000990,141.6178845,42.6468469,109,0
2026-07-24T03:08:23Z,2026-07-24T04:25:06.135Z,1e00000990,141.5959583,42.6397662,104,0
2026-07-24T03:16:16Z,2026-07-24T04:25:06.135Z,1e00000990,141.6189181,42.646923,42,0
2026-07-24T03:33:18Z,2026-07-24T04:25:06.135Z,1e00000990,141.6192102,42.6458029,61,0
2026-07-24T04:08:15Z,2026-07-24T04:25:06.135Z,1e00000990,141.6198141,42.6441389,74,0
2026-07-24T04:21:57Z,2026-07-24T05:28:06.683Z,1e00000990,141.6196594,42.6438179,152,0
2026-07-24T04:22:39Z,2026-07-24T05:28:06.683Z,1e00000990,141.621264,42.6448017,121,0
2026-07-24T04:24:40Z,2026-07-24T05:28:06.683Z,1e00000990,141.6201143,42.6442395,112,0
2026-07-24T04:25:17Z,2026-07-24T05:28:06.683Z,1e00000990,141.6210436,42.6481147,214,0
2026-07-24T04:25:39Z,2026-07-24T05:28:06.683Z,1e00000990,141.6192215,42.6440114,94,0
2026-07-24T04:26:39Z,2026-07-24T05:28:06.683Z,1e00000990,141.6199775,42.6438508,33,0
2026-07-24T04:27:16Z,2026-07-24T05:28:06.683Z,1e00000990,141.6227833,42.6453179,176,0
2026-07-24T04:27:42Z,2026-07-24T05:28:06.683Z,1e00000990,141.6179705,42.6428102,164,0
2026-07-24T05:41:41Z,2026-07-24T07:27:05.664Z,1e00000990,141.6187118,42.6408352,192,0
2026-07-24T05:44:44Z,2026-07-24T07:27:05.664Z,1e00000990,141.6187853,42.6407865,43,0
2026-07-24T05:44:59Z,2026-07-24T07:27:05.664Z,1e00000990,141.6187853,42.6407865,43,0
2026-07-24T05:45:02Z,2026-07-24T07:27:05.664Z,1e00000990,141.6187853,42.6407865,44,0
2026-07-24T05:58:23Z,2026-07-24T07:27:05.664Z,1e00000990,141.6192783,42.6439053,90,0
2026-07-24T06:02:17Z,2026-07-24T07:27:05.664Z,1e00000990,141.6206318,42.6442283,57,0
2026-07-24T06:08:21Z,2026-07-24T07:27:05.664Z,1e00000990,141.6193105,42.6445434,75,0
2026-07-24T06:55:19Z,2026-07-24T07:27:05.664Z,1e00000990,141.6195641,42.6441501,98,0
2026-07-24T07:26:16Z,2026-07-24T08:20:06.419Z,1e00000990,141.6193345,42.6442594,30,0
2026-07-24T07:26:18Z,2026-07-24T08:59:05.436Z,1e00000990,141.6179954,42.6465959,170,0
2026-07-24T07:28:19Z,2026-07-24T08:59:05.436Z,1e00000990,141.6196899,42.6448339,87,0
2026-07-24T07:30:00Z,2026-07-24T08:59:05.436Z,1e00000990,141.6186823,42.644116,123,0
2026-07-24T07:37:19Z,2026-07-24T10:31:05.258Z,1e00000990,141.6194512,42.6449868,54,0
2026-07-24T07:48:19Z,2026-07-24T10:31:05.258Z,1e00000990,141.6178781,42.6428947,156,0
2026-07-24T08:04:17Z,2026-07-24T10:31:05.258Z,1e00000990,141.62016,42.6439502,38,0
2026-07-24T08:14:18Z,2026-07-24T10:31:05.258Z,1e00000990,141.6202676,42.6449945,23,0
2026-07-24T08:21:17Z,2026-07-24T10:31:05.258Z,1e00000990,141.6217468,42.6450957,179,0
2026-07-24T08:23:18Z,2026-07-24T10:31:05.258Z,1e00000990,141.6204615,42.6456516,52,0
2026-07-24T09:00:20Z,2026-07-24T10:31:05.258Z,1e00000990,141.6207598,42.6422094,129,0
2026-07-24T09:07:17Z,2026-07-24T10:31:05.258Z,1e00000990,141.6176794,42.63604,135,0
2026-07-24T10:44:20Z,2026-07-24T11:34:05.2Z,1e00000990,141.6202858,42.6340627,90,0
2026-07-24T10:48:20Z,2026-07-24T13:36:05.238Z,1e00000990,141.6203913,42.6340168,183,0
2026-07-24T10:51:19Z,2026-07-24T13:36:05.238Z,1e00000990,141.6205826,42.633598,41,0
2026-07-24T10:57:18Z,2026-07-24T13:36:05.238Z,1e00000990,141.6205841,42.6335961,34,0
2026-07-24T11:04:20Z,2026-07-24T20:24:05.463Z,1e00000990,141.6205841,42.6335959,30,0
2026-07-24T11:06:18Z,2026-07-24T20:24:05.463Z,1e00000990,141.6301269,42.6373634,200,0
2026-07-24T11:11:20Z,2026-07-24T21:22:06.207Z,1e00000990,141.6199035,42.6342201,130,0
2026-07-24T11:50:18Z,2026-07-24T21:22:06.207Z,1e00000990,141.6205778,42.6336249,32,0
2026-07-24T12:35:18Z,2026-07-24T23:09:05.778Z,1e00000990,141.6203432,42.6330174,46,0
2026-07-24T12:35:21Z,2026-07-24T23:09:05.778Z,1e00000990,141.6203432,42.6330174,80,0
2026-07-24T20:28:20Z,2026-07-24T23:09:05.778Z,1e00000990,141.6188828,42.646681,61,0
2026-07-24T20:39:18Z,2026-07-25T01:09:05.982Z,1e00000990,141.6189249,42.6466931,57,0
2026-07-24T21:36:19Z,2026-07-25T01:09:05.982Z,1e00000990,141.6126806,42.639609,102,0
2026-07-24T22:12:20Z,2026-07-25T01:09:05.982Z,1e00000990,141.619276,42.6461559,150,0
2026-07-24T23:04:22Z,2026-07-25T01:09:05.982Z,1e00000990,141.6206943,42.6444417,20,0
2026-07-24T23:53:22Z,2026-07-25T01:09:05.982Z,1e00000990,141.6202564,42.6443009,67,0
2026-07-24T23:53:24Z,2026-07-25T02:00:06.86Z,1e00000990,141.6202569,42.6443014,50,0
2026-07-25T00:58:21Z,2026-07-25T02:00:06.86Z,1e00000990,141.6194971,42.6444978,75,0
2026-07-25T01:49:25Z,2026-07-25T02:00:06.86Z,1e00000990,141.6230353,42.6458699,122,0
2026-07-25T01:54:24Z,2026-07-25T02:00:06.86Z,1e00000990,141.6226206,42.6462134,100,0
2026-07-25T01:55:25Z,2026-07-25T02:00:06.86Z,1e00000990,141.6226205,42.6462134,154,0
2026-07-25T01:56:22Z,2026-07-25T02:00:06.86Z,1e00000990,141.6226205,42.6462134,145,0
2026-07-25T01:57:22Z,2026-07-25T02:58:05.59Z,1e00000990,141.6226205,42.6462134,131,0
2026-07-25T01:57:24Z,2026-07-25T02:58:05.59Z,1e00000990,141.6230422,42.6458905,19,0
2026-07-25T01:59:22Z,2026-07-25T02:58:05.59Z,1e00000990,141.6226206,42.6462134,67,0
2026-07-25T01:59:23Z,2026-07-25T03:49:05.693Z,1e00000990,141.6230486,42.6458919,46,0
2026-07-25T01:59:25Z,2026-07-25T03:49:05.693Z,1e00000990,141.6226206,42.6462134,69,0
2026-07-25T02:04:22Z,2026-07-25T03:49:05.693Z,1e00000990,141.6217552,42.6448749,73,0
2026-07-25T02:31:25Z,2026-07-25T03:49:05.693Z,1e00000990,141.6188707,42.6485736,21,0
2026-07-25T02:43:25Z,2026-07-25T04:44:06.607Z,1e00000990,141.6193362,42.6485166,98,0
2026-07-25T03:27:24Z,2026-07-25T05:43:05.847Z,1e00000990,141.6197549,42.647502,129,0
2026-07-25T03:33:23Z,2026-07-25T06:41:06.502Z,1e00000990,141.6202806,42.6478055,59,0
2026-07-25T03:37:24Z,2026-07-25T06:41:06.502Z,1e00000990,141.6200556,42.6472672,42,0
2026-07-25T03:52:24Z,2026-07-25T06:41:06.502Z,1e00000990,141.6202878,42.6455989,88,0
2026-07-25T03:59:24Z,2026-07-25T06:41:06.502Z,1e00000990,141.6223835,42.6455507,109,0
2026-07-25T04:09:22Z,2026-07-25T06:41:06.502Z,1e00000990,141.6226206,42.646213,78,0
2026-07-25T04:09:25Z,2026-07-25T06:41:06.502Z,1e00000990,141.6226206,42.646213,78,0
2026-07-25T05:01:44Z,2026-07-25T06:41:06.502Z,1e00000990,141.6195024,42.6456586,117,0
2026-07-25T05:42:25Z,2026-07-25T06:41:06.502Z,1e00000990,141.6195068,42.6440925,218,0
2026-07-25T07:08:26Z,2026-07-25T07:37:06.854Z,1e00000990,141.6190274,42.6433129,72,0
2026-07-25T07:08:43Z,2026-07-25T07:37:06.854Z,1e00000990,141.6185977,42.6429632,133,0
2026-07-25T07:10:04Z,2026-07-25T07:37:06.854Z,1e00000990,141.6182653,42.6433711,40,0
2026-07-25T07:17:24Z,2026-07-25T07:37:06.854Z,1e00000990,141.6177752,42.6432965,70,0
2026-07-25T07:20:23Z,2026-07-25T07:37:06.854Z,1e00000990,141.6182258,42.6429139,37,0
2026-07-25T07:24:24Z,2026-07-25T07:37:06.854Z,1e00000990,141.618135,42.6434024,90,0
2026-07-25T07:32:23Z,2026-07-25T07:37:06.854Z,1e00000990,141.6180675,42.643215,56,0
2026-07-25T07:32:26Z,2026-07-25T07:37:06.854Z,1e00000990,141.6180297,42.6432253,82,0
2026-07-25T07:35:23Z,2026-07-25T08:21:05.184Z,1e00000990,141.6187837,42.6442845,28,0
2026-07-25T07:36:23Z,2026-07-25T08:21:05.184Z,1e00000990,141.6176661,42.6427539,150,0
2026-07-25T07:37:26Z,2026-07-25T08:21:05.184Z,1e00000990,141.618676,42.6436099,125,0
2026-07-25T07:41:24Z,2026-07-25T08:21:05.184Z,1e00000990,141.6178143,42.6433277,27,0
2026-07-25T07:42:27Z,2026-07-25T08:21:05.184Z,1e00000990,141.6183369,42.6436239,106,0
2026-07-25T07:42:31Z,2026-07-25T08:21:05.184Z,1e00000990,141.6205617,42.6445825,29,0
2026-07-25T07:43:07Z,2026-07-25T09:20:05.588Z,1e00000990,141.6205335,42.6468173,117,0
2026-07-25T08:06:23Z,2026-07-25T09:20:05.588Z,1e00000990,141.6200631,42.6472529,51,0
2026-07-25T08:11:26Z,2026-07-25T20:21:06.466Z,1e00000990,141.6195613,42.6470929,108,0
2026-07-25T08:24:24Z,2026-07-25T22:06:06.236Z,1e00000990,141.6200643,42.6472891,46,0
2026-07-25T08:32:26Z,2026-07-25T22:06:06.236Z,1e00000990,141.6203119,42.6475999,137,0
2026-07-25T08:49:26Z,2026-07-25T22:06:06.236Z,1e00000990,141.6187119,42.6465451,31,0
2026-07-25T08:51:24Z,2026-07-25T22:06:06.236Z,1e00000990,141.6191616,42.6464713,58,0
2026-07-25T08:57:24Z,2026-07-25T22:06:06.236Z,1e00000990,141.6163053,42.6485116,170,0
2026-07-25T09:22:27Z,2026-07-25T23:03:05.325Z,1e00000990,141.6185608,42.6435124,129,0
2026-07-25T09:25:57Z,2026-07-26T00:02:06.1Z,1e00000990,141.6151949,42.6362427,106,0
2026-07-25T22:15:30Z,2026-07-26T00:02:06.1Z,1e00000990,141.619916,42.6302394,26,0
2026-07-25T22:17:28Z,2026-07-26T00:50:06.431Z,1e00000990,141.6202268,42.6297591,65,0
2026-07-25T22:25:29Z,2026-07-26T00:50:06.431Z,1e00000990,141.6211211,42.6452711,33,0
2026-07-25T22:29:27Z,2026-07-26T00:50:06.431Z,1e00000990,141.6203117,42.6469449,89,0
2026-07-25T22:57:29Z,2026-07-26T00:50:06.431Z,1e00000990,141.6200701,42.6472845,43,0
2026-07-25T22:58:51Z,2026-07-26T00:50:06.431Z,1e00000990,141.619406,42.6476317,21,0
2026-07-25T23:09:29Z,2026-07-26T00:50:06.431Z,1e00000990,141.6197428,42.6477232,85,0
2026-07-26T00:22:49Z,2026-07-26T00:50:06.431Z,1e00000990,141.6292605,42.6509598,77,0
2026-07-26T00:31:51Z,2026-07-26T01:56:05.993Z,1e00000990,141.6291356,42.6514216,33,0
2026-07-26T00:32:15Z,2026-07-26T01:56:05.993Z,1e00000990,141.6291356,42.6514216,33,0
2026-07-26T01:07:51Z,2026-07-26T01:56:05.993Z,1e00000990,141.6202679,42.647811,65,0
2026-07-26T01:16:13Z,2026-07-26T01:56:05.993Z,1e00000990,141.6220311,42.6478814,180,0
2026-07-26T01:17:49Z,2026-07-26T02:55:05.893Z,1e00000990,141.6149971,42.647891,214,0
2026-07-26T01:22:52Z,2026-07-26T02:55:05.893Z,1e00000990,141.6195034,42.6470046,101,0
2026-07-26T01:36:11Z,2026-07-26T02:55:05.893Z,1e00000990,141.6205417,42.6441164,30,0
2026-07-26T01:48:54Z,2026-07-26T02:55:05.893Z,1e00000990,141.6229077,42.6455473,182,0
2026-07-26T02:01:16Z,2026-07-26T03:41:06.039Z,1e00000990,141.621165,42.6444437,28,0
2026-07-26T02:14:13Z,2026-07-26T04:31:05.862Z,1e00000990,141.6207833,42.6442278,45,0
2026-07-26T02:39:56Z,2026-07-26T04:31:05.862Z,1e00000990,141.6212589,42.6453498,88,0
2026-07-26T02:42:10Z,2026-07-26T05:18:06.924Z,1e00000990,141.6201896,42.6447996,44,0
2026-07-26T02:47:11Z,2026-07-26T05:18:06.924Z,1e00000990,141.6208299,42.6440019,145,0
2026-07-26T03:13:11Z,2026-07-26T05:18:06.924Z,1e00000990,141.6193631,42.6442092,39,0
2026-07-26T03:16:28Z,2026-07-26T05:18:06.924Z,1e00000990,141.6197878,42.6447088,115,0
2026-07-26T03:26:31Z,2026-07-26T05:18:06.924Z,1e00000990,141.6205074,42.646434,107,0
2026-07-26T04:08:32Z,2026-07-26T05:18:06.924Z,1e00000990,141.6193686,42.6443547,103,0
2026-07-26T04:14:09Z,2026-07-26T05:18:06.924Z,1e00000990,141.6261294,42.64666,19,0
2026-07-26T05:05:43Z,2026-07-26T05:18:06.924Z,1e00000990,141.6215784,42.6451509,82,0
2026-07-26T05:35:58Z,2026-07-26T06:15:06.073Z,1e00000990,141.6263648,42.6470151,19,0
2026-07-26T05:39:30Z,2026-07-26T06:15:06.073Z,1e00000990,141.6222113,42.6449678,153,0
2026-07-26T05:41:13Z,2026-07-26T06:15:06.073Z,1e00000990,141.619353,42.6443141,96,0
2026-07-26T05:43:30Z,2026-07-26T06:15:06.073Z,1e00000990,141.6227903,42.6454203,145,0
2026-07-26T05:43:32Z,2026-07-26T06:15:06.073Z,1e00000990,141.6208835,42.6443592,39,0
2026-07-26T05:47:10Z,2026-07-26T06:15:06.073Z,1e00000990,141.6196294,42.6438296,130,0
2026-07-26T05:47:11Z,2026-07-26T07:16:06.383Z,1e00000990,141.6214656,42.6452828,87,0
2026-07-26T05:47:13Z,2026-07-26T07:16:06.383Z,1e00000990,141.6196971,42.6438751,140,0
2026-07-26T06:13:49Z,2026-07-26T07:16:06.383Z,1e00000990,141.6195318,42.6470946,35,0
2026-07-26T06:17:09Z,2026-07-26T07:16:06.383Z,1e00000990,141.6189464,42.6471145,114,0
2026-07-26T06:17:10Z,2026-07-26T07:16:06.383Z,1e00000990,141.6220672,42.6482419,160,0
2026-07-26T06:25:55Z,2026-07-26T07:16:06.383Z,1e00000990,141.6194823,42.6470687,24,0
2026-07-26T07:08:17Z,2026-07-26T07:16:06.383Z,1e00000990,141.6193136,42.6472256,37,0
2026-07-26T07:32:31Z,2026-07-26T08:12:06.324Z,1e00000990,141.6203462,42.6480741,106,0
2026-07-26T07:32:36Z,2026-07-26T08:12:06.324Z,1e00000990,141.6227103,42.6487799,189,0
2026-07-26T07:33:17Z,2026-07-26T08:12:06.324Z,1e00000990,141.6198509,42.6477243,109,0
2026-07-26T07:35:32Z,2026-07-26T08:12:06.324Z,1e00000990,141.6213105,42.6475166,185,0
2026-07-26T07:42:51Z,2026-07-26T08:12:06.324Z,1e00000990,141.6202315,42.6473102,31,0
2026-07-26T07:52:25Z,2026-07-26T08:12:06.324Z,1e00000990,141.6120398,42.6447166,120,0
2026-07-26T07:55:53Z,2026-07-26T08:12:06.324Z,1e00000990,141.6201096,42.6475563,38,0
2026-07-26T08:52:56Z,2026-07-26T09:15:05.802Z,1e00000990,141.620426,42.647052,130,0
2026-07-26T08:53:11Z,2026-07-26T09:15:05.802Z,1e00000990,141.620399,42.6470397,131,0
2026-07-26T08:53:32Z,2026-07-26T09:15:05.802Z,1e00000990,141.6188836,42.6467366,95,0
2026-07-26T08:53:55Z,2026-07-26T09:15:05.802Z,1e00000990,141.6186333,42.6467314,26,0
2026-07-26T08:54:16Z,2026-07-26T09:15:05.802Z,1e00000990,141.6187274,42.6466534,80,0
2026-07-26T08:56:12Z,2026-07-26T09:15:05.802Z,1e00000990,141.6194298,42.6447987,138,0
2026-07-26T09:04:12Z,2026-07-26T09:15:05.802Z,1e00000990,141.6202849,42.6442104,25,0
2026-07-26T09:09:37Z,2026-07-26T09:15:05.802Z,1e00000990,141.6204724,42.644103,76,0
2026-07-26T09:20:14Z,2026-07-26T10:05:05.967Z,1e00000990,141.6188239,42.640902,78,0
2026-07-26T09:21:03Z,2026-07-26T10:05:05.967Z,1e00000990,141.6191684,42.6409454,166,0
2026-07-26T09:23:15Z,2026-07-26T10:05:05.967Z,1e00000990,141.6191609,42.6410428,175,0
2026-07-26T09:23:30Z,2026-07-26T19:18:05.36Z,1e00000990,141.6190962,42.6412465,175,0
2026-07-26T09:27:37Z,2026-07-26T19:18:05.36Z,1e00000990,141.6184894,42.6406642,44,0
2026-07-26T09:29:27Z,2026-07-26T21:30:05.529Z,1e00000990,141.6182708,42.6419067,254,0
2026-07-26T09:29:57Z,2026-07-26T21:30:05.529Z,1e00000990,141.6178736,42.6404155,45,0
2026-07-26T09:30:14Z,2026-07-26T21:30:05.529Z,1e00000990,141.618999,42.6408443,28,0
2026-07-26T09:32:21Z,2026-07-26T21:30:05.529Z,1e00000990,141.6191711,42.6409452,191,0
2026-07-26T09:47:55Z,2026-07-26T21:30:05.529Z,1e00000990,141.6172278,42.637781,57,0
2026-07-26T20:08:32Z,2026-07-26T21:30:05.529Z,1e00000990,141.6156126,42.6394312,54,0
2026-07-26T20:10:32Z,2026-07-26T21:30:05.529Z,1e00000990,141.6202749,42.6478037,80,0
2026-07-26T21:37:16Z,2026-07-26T22:34:05.98Z,1e00000990,141.6336767,42.6492037,23,0
2026-07-26T21:42:53Z,2026-07-26T22:34:05.98Z,1e00000990,141.6316753,42.6484495,144,0
2026-07-26T21:48:53Z,2026-07-26T22:34:05.98Z,1e00000990,141.6340792,42.6491135,31,0
2026-07-26T22:06:13Z,2026-07-26T22:34:05.98Z,1e00000990,141.6293421,42.6509828,33,0
2026-07-26T22:11:37Z,2026-07-26T22:34:05.98Z,1e00000990,141.6292246,42.6509175,28,0
2026-07-26T22:16:39Z,2026-07-26T22:34:05.98Z,1e00000990,141.6293421,42.6509828,33,0
2026-07-26T22:16:41Z,2026-07-26T22:34:05.98Z,1e00000990,141.6293421,42.6509828,33,0
2026-07-26T22:26:38Z,2026-07-26T22:34:05.98Z,1e00000990,141.6293421,42.6509828,76,0
2026-07-26T23:04:00Z,2026-07-26T23:38:05.955Z,1e00000990,141.6304396,42.6519367,152,0
2026-07-26T23:04:41Z,2026-07-26T23:38:05.955Z,1e00000990,141.6304411,42.6519749,49,0
2026-07-26T23:08:21Z,2026-07-26T23:38:05.955Z,1e00000990,141.630422,42.6522598,27,0
2026-07-26T23:15:35Z,2026-07-26T23:38:05.955Z,1e00000990,141.6293293,42.6512731,41,0
2026-07-26T23:16:14Z,2026-07-26T23:38:05.955Z,1e00000990,141.6292545,42.6509628,82,0
2026-07-26T23:21:58Z,2026-07-26T23:38:05.955Z,1e00000990,141.6293344,42.6512809,42,0
2026-07-26T23:22:15Z,2026-07-26T23:38:05.955Z,1e00000990,141.6293344,42.6512809,39,0
2026-07-26T23:25:16Z,2026-07-26T23:38:05.955Z,1e00000990,141.6293344,42.6512809,48,0
2026-07-26T23:38:16Z,2026-07-27T00:33:04.912Z,1e00000990,141.6292545,42.6509628,63,0
2026-07-26T23:42:55Z,2026-07-27T00:33:04.912Z,1e00000990,141.6293344,42.6512808,69,0
2026-07-26T23:43:00Z,2026-07-27T00:33:04.912Z,1e00000990,141.6293344,42.6512808,69,0
2026-07-26T23:49:33Z,2026-07-27T00:33:04.912Z,1e00000990,141.620476,42.6480268,84,0
2026-07-26T23:49:59Z,2026-07-27T00:33:04.912Z,1e00000990,141.6202924,42.648274,148,0
2026-07-26T23:51:37Z,2026-07-27T00:33:04.912Z,1e00000990,141.6202246,42.6474765,146,0
2026-07-26T23:53:41Z,2026-07-27T01:35:05.411Z,1e00000990,141.6195818,42.6476697,84,0
2026-07-26T23:59:35Z,2026-07-27T01:35:05.411Z,1e00000990,141.6195893,42.6470655,24,0
2026-07-27T00:19:41Z,2026-07-27T01:35:05.411Z,1e00000990,141.6199076,42.6477397,150,0
2026-07-27T00:23:34Z,2026-07-27T01:35:05.411Z,1e00000990,141.6208507,42.6450993,114,0
2026-07-27T00:34:19Z,2026-07-27T02:33:07.099Z,1e00000990,141.6205548,42.6441675,26,0
2026-07-27T00:55:01Z,2026-07-27T02:33:07.099Z,1e00000990,141.6204999,42.6441825,77,0
2026-07-27T01:16:58Z,2026-07-27T02:33:07.099Z,1e00000990,141.6196535,42.6442919,72,0
2026-07-27T01:20:16Z,2026-07-27T02:33:07.099Z,1e00000990,141.620409,42.6443293,152,0
2026-07-27T01:32:54Z,2026-07-27T03:17:51.21Z,1e00000990,141.6203138,42.6439738,126,0
2026-07-27T01:39:00Z,2026-07-27T03:17:51.21Z,1e00000990,141.620426,42.644091,35,0
2026-07-27T01:53:53Z,2026-07-27T03:17:51.21Z,1e00000990,141.6197765,42.6440497,120,0
2026-07-27T02:14:27Z,2026-07-27T03:17:51.21Z,1e00000990,141.6205349,42.6450531,117,0
2026-07-27T02:15:21Z,2026-07-27T03:17:51.21Z,1e00000990,141.6171906,42.6469631,130,0
2026-07-27T02:32:15Z,2026-07-27T03:17:51.21Z,1e00000990,141.6177015,42.6453738,80,0
2026-07-27T02:47:33Z,2026-07-27T03:17:51.21Z,1e00000990,141.6163623,42.6467801,44,0
2026-07-27T02:48:36Z,2026-07-27T03:17:51.21Z,1e00000990,141.6184864,42.6467501,35,0
2026-07-27T03:27:54Z,2026-07-27T04:17:05.998Z,1e00000990,141.6198577,42.6471762,136,0
2026-07-27T03:28:54Z,2026-07-27T04:17:05.998Z,1e00000990,141.6200029,42.6472434,105,0
2026-07-27T03:31:19Z,2026-07-27T04:17:05.998Z,1e00000990,141.6200681,42.6472895,87,0
2026-07-27T03:32:59Z,2026-07-27T04:17:05.998Z,1e00000990,141.6200504,42.6472639,34,0
2026-07-27T03:37:19Z,2026-07-27T04:17:05.998Z,1e00000990,141.620791,42.647496,115,0
2026-07-27T03:42:20Z,2026-07-27T05:15:05.565Z,1e00000990,141.620391,42.6446582,246,0
2026-07-27T03:43:20Z,2026-07-27T05:15:05.565Z,1e00000990,141.6196032,42.6441275,102,0
2026-07-27T03:49:19Z,2026-07-27T05:15:05.565Z,1e00000990,141.6202618,42.6443734,25,0
2026-07-27T03:57:55Z,2026-07-27T05:15:05.565Z,1e00000990,141.6192022,42.6439997,98,0
2026-07-27T04:25:22Z,2026-07-27T05:15:05.565Z,1e00000990,141.6202487,42.6444362,62,0
2026-07-27T04:25:38Z,2026-07-27T05:15:05.565Z,1e00000990,141.6204775,42.6443797,118,0
2026-07-27T04:25:40Z,2026-07-27T06:04:06.231Z,1e00000990,141.6204775,42.6443797,132,0
2026-07-27T04:38:41Z,2026-07-27T06:04:06.231Z,1e00000990,141.6212031,42.6433628,107,0
2026-07-27T04:41:55Z,2026-07-27T06:04:06.231Z,1e00000990,141.6211343,42.6434329,108,0
2026-07-27T04:42:45Z,2026-07-27T06:04:06.231Z,1e00000990,141.6883154,42.6583125,230,0
2026-07-27T04:42:55Z,2026-07-27T06:04:06.231Z,1e00000990,141.6211021,42.6434152,123,0
2026-07-27T05:23:56Z,2026-07-27T06:04:06.231Z,1e00000990,141.6204456,42.6443083,32,0
2026-07-27T05:29:18Z,2026-07-27T06:04:06.231Z,1e00000990,141.6189749,42.6432692,166,0
2026-07-27T05:36:21Z,2026-07-27T06:04:06.231Z,1e00000990,141.6192319,42.6438824,118,0
2026-07-27T06:14:59Z,2026-07-27T07:01:06.609Z,1e00000990,141.6176656,42.6428593,169,0
2026-07-27T06:16:56Z,2026-07-27T07:01:06.609Z,1e00000990,141.6201627,42.6452773,90,0
2026-07-27T06:17:17Z,2026-07-27T07:01:06.609Z,1e00000990,141.619511,42.6441593,89,0
2026-07-27T06:17:20Z,2026-07-27T07:01:06.609Z,1e00000990,141.619511,42.6441593,89,0
2026-07-27T06:28:55Z,2026-07-27T07:01:06.609Z,1e00000990,141.6192899,42.6442342,119,0
2026-07-27T06:29:40Z,2026-07-27T07:01:06.609Z,1e00000990,141.619384,42.643914,161,0
2026-07-27T06:39:35Z,2026-07-27T21:19:59.252Z,1e00000990,141.6193398,42.6445322,116,0
2026-07-27T06:46:23Z,2026-07-27T07:52:05.676Z,1e00000990,141.6211355,42.6434641,106,0
2026-07-27T06:46:42Z,2026-07-27T07:52:05.676Z,1e00000990,141.6211491,42.6434675,152,0
2026-07-27T07:14:00Z,2026-07-27T07:52:05.676Z,1e00000990,141.6202968,42.6442202,31,0
2026-07-27T07:16:01Z,2026-07-27T07:52:05.676Z,1e00000990,141.6203312,42.644172,29,0
2026-07-27T07:30:55Z,2026-07-27T07:52:05.676Z,1e00000990,141.6198818,42.6440369,80,0
2026-07-27T07:30:56Z,2026-07-27T07:52:05.676Z,1e00000990,141.6198818,42.6440369,80,0
2026-07-27T07:30:59Z,2026-07-27T07:52:05.676Z,1e00000990,141.6198818,42.6440369,81,0
2026-07-27T07:42:42Z,2026-07-27T08:41:07.191Z,1e00000990,141.6200018,42.6443684,42,0
2026-07-27T08:13:35Z,2026-07-27T09:45:09.735Z,1e00000990,141.6194515,42.6349855,151,0
2026-07-27T08:13:37Z,2026-07-27T09:45:09.735Z,1e00000990,141.6205776,42.6353431,32,0
2026-07-27T08:13:40Z,2026-07-27T09:45:09.735Z,1e00000990,141.6205786,42.6353405,33,0
2026-07-27T08:14:17Z,2026-07-27T09:45:09.735Z,1e00000990,141.6204428,42.6354699,51,0
2026-07-27T08:14:20Z,2026-07-27T09:45:09.735Z,1e00000990,141.6198577,42.6345073,86,0
2026-07-27T08:20:22Z,2026-07-27T10:47:27.664Z,1e00000990,141.6216028,42.6328666,190,0
2026-07-27T08:20:59Z,2026-07-27T10:47:27.664Z,1e00000990,141.6215944,42.6328725,214,0
2026-07-27T08:21:02Z,2026-07-27T10:47:27.664Z,1e00000990,141.6212401,42.6331247,223,0
2026-07-27T08:21:20Z,2026-07-27T10:47:27.664Z,1e00000990,141.6210524,42.6313149,140,0
2026-07-27T10:15:43Z,2026-07-27T13:38:05.894Z,1e00000990,141.6170083,42.6343546,156,0
2026-07-27T10:19:39Z,2026-07-27T20:57:06.411Z,1e00000990,141.6141189,42.6340821,104,0
2026-07-27T10:21:59Z,2026-07-27T20:57:06.411Z,1e00000990,141.6149643,42.6341315,96,0
2026-07-27T10:29:17Z,2026-07-27T22:41:05.023Z,1e00000990,141.6151203,42.6347973,81,0
2026-07-27T10:32:31Z,2026-07-27T22:41:05.023Z,1e00000990,141.6196788,42.6344925,158,0
2026-07-27T10:37:18Z,2026-07-27T22:41:05.023Z,1e00000990,141.6157453,42.6338016,49,0
2026-07-27T10:50:23Z,2026-07-27T22:41:05.023Z,1e00000990,141.6157005,42.6336162,46,0
2026-07-27T14:20:37Z,2026-07-27T23:45:06.449Z,1e00000990,141.6142716,42.6337462,177,0
2026-07-27T21:13:41Z,2026-07-27T23:45:06.449Z,1e00000990,141.6196387,42.6478358,59,0
2026-07-27T21:37:39Z,2026-07-27T23:45:06.449Z,1e00000990,141.6196657,42.644214,26,0
2026-07-27T22:10:40Z,2026-07-27T23:45:06.449Z,1e00000990,141.6203862,42.644351,72,0
2026-07-27T23:26:41Z,2026-07-27T23:45:06.449Z,1e00000990,141.6197217,42.6477375,33,0
2026-07-27T23:29:42Z,2026-07-27T23:45:06.449Z,1e00000990,141.6201706,42.6480464,70,0
2026-07-27T23:32:41Z,2026-07-27T23:45:06.449Z,1e00000990,141.6224137,42.6485678,64,0
2026-07-27T23:34:42Z,2026-07-27T23:45:06.449Z,1e00000990,141.6224137,42.6485678,64,0
2026-07-27T23:43:41Z,2026-07-28T00:25:06.459Z,1e00000990,141.6231224,42.6486775,48,0
2026-07-27T23:44:41Z,2026-07-28T00:25:06.459Z,1e00000990,141.622575,42.6482191,155,0
2026-07-27T23:47:41Z,2026-07-28T00:25:06.459Z,1e00000990,141.6227628,42.6485988,83,0
2026-07-27T23:59:40Z,2026-07-28T00:25:06.459Z,1e00000990,141.622366,42.6490336,26,0
2026-07-28T00:00:40Z,2026-07-28T00:25:06.459Z,1e00000990,141.6223635,42.6490374,29,0
2026-07-28T00:01:41Z,2026-07-28T01:21:05.73Z,1e00000990,141.6227623,42.648599,172,0
2026-07-28T00:06:39Z,2026-07-28T01:21:05.73Z,1e00000990,141.6170251,42.6449722,180,0
2026-07-28T00:12:42Z,2026-07-28T03:18:05.532Z,1e00000990,141.6215647,42.6477359,28,0
2026-07-28T00:13:41Z,2026-07-28T03:18:05.532Z,1e00000990,141.6188649,42.6466262,199,0
2026-07-28T00:14:41Z,2026-07-28T04:03:06.116Z,1e00000990,141.6220247,42.6476049,132,0
2026-07-28T00:18:40Z,2026-07-28T04:03:06.116Z,1e00000990,141.6225843,42.6479701,22,0
2026-07-28T00:26:39Z,2026-07-28T04:03:06.116Z,1e00000990,141.6223261,42.6482733,130,0
2026-07-28T00:54:42Z,2026-07-28T06:01:06.525Z,1e00000990,141.6209132,42.6474414,138,0
2026-07-28T01:46:42Z,2026-07-28T06:01:06.525Z,1e00000990,141.6213446,42.6431761,41,0
2026-07-28T02:04:41Z,2026-07-28T06:59:05.508Z,1e00000990,141.6205323,42.6443319,93,0
2026-07-28T03:10:43Z,2026-07-28T06:59:05.508Z,1e00000990,141.6193649,42.6443425,75,0
2026-07-28T03:21:43Z,2026-07-28T08:01:05.458Z,1e00000990,141.6197586,42.6446272,65,0
2026-07-28T03:33:41Z,2026-07-28T08:01:05.458Z,1e00000990,141.6193352,42.6442348,98,0
2026-07-28T03:39:43Z,2026-07-28T08:01:05.458Z,1e00000990,141.6193156,42.6442809,80,0
2026-07-28T03:41:43Z,2026-07-28T08:01:05.458Z,1e00000990,141.6193483,42.6443028,73,0
2026-07-28T04:01:42Z,2026-07-28T08:01:05.458Z,1e00000990,141.6197228,42.6439011,92,0
2026-07-28T05:16:43Z,2026-07-28T08:01:05.458Z,1e00000990,141.6217476,42.6452589,167,0
2026-07-28T06:05:42Z,2026-07-28T08:01:05.458Z,1e00000990,141.6205018,42.6442714,31,0
2026-07-28T07:06:44Z,2026-07-28T08:52:06.445Z,1e00000990,141.6202661,42.6441985,53,0
2026-07-28T08:38:42Z,2026-07-28T08:52:06.445Z,1e00000990,141.6187402,42.6437462,34,0
2026-07-28T08:38:43Z,2026-07-28T08:52:06.445Z,1e00000990,141.6187346,42.6437329,20,0
2026-07-28T08:38:44Z,2026-07-28T08:52:06.445Z,1e00000990,141.6187347,42.6437323,59,0
2026-07-28T08:41:43Z,2026-07-28T08:52:06.445Z,1e00000990,141.618814,42.6440285,24,0
2026-07-28T08:42:42Z,2026-07-28T08:52:06.445Z,1e00000990,141.6179084,42.6435489,64,0
2026-07-28T08:44:42Z,2026-07-28T08:52:06.445Z,1e00000990,141.6179085,42.6435495,77,0
2026-07-28T08:44:44Z,2026-07-28T08:52:06.445Z,1e00000990,141.6179085,42.6435495,77,0
2026-07-28T09:15:41Z,2026-07-28T09:43:05.785Z,1e00000990,141.6190249,42.6433009,27,0
2026-07-28T09:17:43Z,2026-07-28T09:43:05.785Z,1e00000990,141.6186197,42.6435367,153,0
2026-07-28T09:25:42Z,2026-07-28T09:43:05.785Z,1e00000990,141.6179335,42.6429246,130,0
2026-07-28T09:27:42Z,2026-07-28T09:43:05.785Z,1e00000990,141.6177774,42.6432998,49,0
2026-07-28T09:29:41Z,2026-07-28T09:43:05.785Z,1e00000990,141.6177774,42.6432998,46,0
2026-07-28T09:31:52Z,2026-07-28T09:43:05.785Z,1e00000990,141.6180123,42.6434883,30,0
2026-07-28T09:32:44Z,2026-07-28T09:43:05.785Z,1e00000990,141.6177774,42.6432998,55,0
2026-07-28T09:33:43Z,2026-07-28T09:43:05.785Z,1e00000990,141.6186043,42.6435863,127,0
2026-07-28T09:58:34Z,2026-07-28T10:36:05.508Z,1e00000990,141.614317,42.6419485,110,0
2026-07-28T10:02:45Z,2026-07-28T10:36:05.508Z,1e00000990,141.6157875,42.6413225,19,0
2026-07-28T10:07:44Z,2026-07-28T10:36:05.508Z,1e00000990,141.6183836,42.6434068,185,0
2026-07-28T10:09:42Z,2026-07-28T10:36:05.508Z,1e00000990,141.6154494,42.6413573,25,0
2026-07-28T10:10:42Z,2026-07-28T10:36:05.508Z,1e00000990,141.6158311,42.6415231,110,0
2026-07-28T10:13:42Z,2026-07-28T10:36:05.508Z,1e00000990,141.6154347,42.6409888,122,0
2026-07-28T10:30:45Z,2026-07-28T10:36:05.508Z,1e00000990,141.6151489,42.6409475,91,0
2026-07-28T10:40:44Z,2026-07-28T11:35:05.402Z,1e00000990,141.6157574,42.641313,97,0
2026-07-28T10:44:45Z,2026-07-28T11:35:05.402Z,1e00000990,141.6153752,42.6411757,26,0
2026-07-28T10:50:45Z,2026-07-28T11:35:05.402Z,1e00000990,141.6153966,42.6409282,86,0
2026-07-28T10:56:43Z,2026-07-28T11:35:05.402Z,1e00000990,141.615476,42.6411477,86,0
2026-07-28T10:56:45Z,2026-07-28T11:35:05.402Z,1e00000990,141.6154923,42.64115,88,0
2026-07-28T10:58:45Z,2026-07-28T12:31:05.644Z,1e00000990,141.6173361,42.6421233,167,0
2026-07-28T11:12:45Z,2026-07-28T12:31:05.644Z,1e00000990,141.6163796,42.6417886,111,0
2026-07-28T11:34:42Z,2026-07-28T12:31:05.644Z,1e00000990,141.6157717,42.6411598,125,0
2026-07-28T11:34:45Z,2026-07-28T12:31:05.644Z,1e00000990,141.6099591,42.6378571,185,0
2026-07-28T11:37:45Z,2026-07-28T12:31:05.644Z,1e00000990,141.6158253,42.6412064,87,0
2026-07-28T12:01:44Z,2026-07-28T13:36:06.847Z,1e00000990,141.6140776,42.6405345,156,0
2026-07-28T12:14:44Z,2026-07-28T13:36:06.847Z,1e00000990,141.6178476,42.6429002,184,0
2026-07-28T12:18:42Z,2026-07-28T13:36:06.847Z,1e00000990,141.6159045,42.6408301,61,0
2026-07-28T12:21:42Z,2026-07-28T13:36:06.847Z,1e00000990,141.6158791,42.6408199,112,0
2026-07-28T13:05:44Z,2026-07-28T13:36:06.847Z,1e00000990,141.6143397,42.6404497,158,0
2026-07-28T13:10:42Z,2026-07-28T14:37:05.486Z,1e00000990,141.6152546,42.6410881,99,0
2026-07-28T13:14:44Z,2026-07-28T14:37:05.486Z,1e00000990,141.6143008,42.6405424,155,0
2026-07-28T13:16:44Z,2026-07-28T14:37:05.486Z,1e00000990,141.6158153,42.6413833,26,0
2026-07-28T13:27:43Z,2026-07-28T14:37:05.486Z,1e00000990,141.6161147,42.6416527,95,0
2026-07-28T13:28:43Z,2026-07-28T15:31:06.225Z,1e00000990,141.6154614,42.6412881,89,0
2026-07-28T13:28:45Z,2026-07-28T15:31:06.225Z,1e00000990,141.6154782,42.6413129,89,0
2026-07-28T13:55:46Z,2026-07-28T16:22:06.233Z,1e00000990,141.6157623,42.6413155,21,0
2026-07-28T13:57:46Z,2026-07-28T16:22:06.233Z,1e00000990,141.6156248,42.641477,38,0
2026-07-28T14:40:44Z,2026-07-28T16:22:06.233Z,1e00000990,141.6155407,42.6412507,43,0
2026-07-28T14:40:46Z,2026-07-28T16:22:06.233Z,1e00000990,141.6154336,42.6411928,43,0
2026-07-28T15:09:44Z,2026-07-28T16:22:06.233Z,1e00000990,141.615703,42.6413069,39,0
2026-07-28T15:18:44Z,2026-07-28T16:22:06.233Z,1e00000990,141.615197,42.6410149,101,0
2026-07-28T15:26:51Z,2026-07-28T17:14:05.404Z,1e00000990,141.6151975,42.641028,127,0
2026-07-28T15:45:43Z,2026-07-28T17:14:05.404Z,1e00000990,141.6157304,42.6413389,44,0
2026-07-28T16:22:46Z,2026-07-28T17:14:05.404Z,1e00000990,141.6147813,42.6409316,132,0
2026-07-28T16:39:44Z,2026-07-28T17:14:05.404Z,1e00000990,141.6158976,42.6408408,52,0
2026-07-28T16:42:45Z,2026-07-28T17:14:05.404Z,1e00000990,141.6160755,42.6413717,83,0
2026-07-28T17:00:46Z,2026-07-28T17:14:05.404Z,1e00000990,141.6159719,42.6408706,90,0
2026-07-28T17:04:45Z,2026-07-28T17:14:05.404Z,1e00000990,141.6159616,42.640865,36,0
2026-07-28T17:05:46Z,2026-07-28T18:04:05.32Z,1e00000990,141.6159616,42.640865,36,0
2026-07-28T17:21:44Z,2026-07-28T18:04:05.32Z,1e00000990,141.6159448,42.6408818,21,0
2026-07-28T17:22:44Z,2026-07-28T18:04:05.32Z,1e00000990,141.6159448,42.6408818,21,0
2026-07-28T17:22:47Z,2026-07-28T18:04:05.32Z,1e00000990,141.6159448,42.6408818,21,0
2026-07-28T17:38:46Z,2026-07-28T18:04:05.32Z,1e00000990,141.6148466,42.6407626,140,0
2026-07-28T17:42:46Z,2026-07-28T18:04:05.32Z,1e00000990,141.6159305,42.6408546,28,0
2026-07-28T17:46:44Z,2026-07-28T18:04:05.32Z,1e00000990,141.6159305,42.6408546,97,0
2026-07-28T17:50:44Z,2026-07-28T18:04:05.32Z,1e00000990,141.6159305,42.6408546,115,0
2026-07-28T18:11:44Z,2026-07-28T19:01:06.111Z,1e00000990,141.615881,42.6408212,62,0
2026-07-28T18:11:47Z,2026-07-28T19:01:06.111Z,1e00000990,141.615881,42.6408212,62,0
2026-07-28T18:27:46Z,2026-07-28T19:01:06.111Z,1e00000990,141.615897,42.6408589,19,0
2026-07-28T18:32:46Z,2026-07-28T20:05:04.957Z,1e00000990,141.6158922,42.6408585,25,0
2026-07-28T18:37:47Z,2026-07-28T20:05:04.957Z,1e00000990,141.615892,42.6408576,31,0
2026-07-28T18:38:44Z,2026-07-28T20:05:04.957Z,1e00000990,141.615892,42.6408576,31,0
2026-07-28T18:39:44Z,2026-07-28T21:08:05.827Z,1e00000990,141.615892,42.6408576,31,0
2026-07-28T19:00:47Z,2026-07-28T21:08:05.827Z,1e00000990,141.6117473,42.6390921,175,0
2026-07-28T19:04:45Z,2026-07-28T21:08:05.827Z,1e00000990,141.6159665,42.6408732,37,0
2026-07-28T19:43:47Z,2026-07-28T21:08:05.827Z,1e00000990,141.615924,42.6408843,44,0
2026-07-28T19:44:45Z,2026-07-28T22:05:05.008Z,1e00000990,141.6142291,42.6450843,27,0
2026-07-28T20:29:45Z,2026-07-28T22:05:05.008Z,1e00000990,141.6157579,42.6456649,46,0
2026-07-28T20:48:47Z,2026-07-28T22:05:05.008Z,1e00000990,141.6132086,42.6457051,159,0
2026-07-28T20:55:46Z,2026-07-28T22:05:05.008Z,1e00000990,141.6163811,42.645655,58,0
2026-07-28T21:09:47Z,2026-07-28T22:05:05.008Z,1e00000990,141.6171435,42.6460989,44,0
2026-07-28T21:16:45Z,2026-07-28T22:05:05.008Z,1e00000990,141.6187274,42.6469297,186,0
2026-07-28T21:39:48Z,2026-07-28T22:05:05.008Z,1e00000990,141.6196769,42.6477978,78,0
2026-07-28T21:40:37Z,2026-07-28T22:05:05.008Z,1e00000990,141.6194688,42.6475498,48,0
2026-07-28T21:54:45Z,2026-07-29T01:49:07.358Z,1e00000990,141.6171974,42.6462052,188,0
2026-07-28T21:54:48Z,2026-07-29T01:49:07.358Z,1e00000990,141.6203856,42.6471577,62,0
2026-07-28T22:00:47Z,2026-07-29T01:49:07.358Z,1e00000990,141.6203882,42.6471609,58,0
2026-07-28T22:17:03Z,2026-07-29T01:49:07.358Z,1e00000990,141.6194512,42.6475322,73,0
2026-07-28T22:21:33Z,2026-07-29T01:49:07.358Z,1e00000990,141.6194568,42.6475505,56,0
2026-07-28T22:26:56Z,2026-07-29T06:48:06.551Z,1e00000990,141.6194524,42.6475438,70,0
2026-07-28T22:38:47Z,2026-07-29T07:50:05.367Z,1e00000990,141.6203264,42.6443395,66,0
2026-07-28T23:00:45Z,2026-07-29T08:51:05.632Z,1e00000990,141.620693,42.6441894,44,0
2026-07-28T23:38:48Z,2026-07-29T08:51:05.632Z,1e00000990,141.6202861,42.6442764,34,0
2026-07-29T00:26:46Z,2026-07-29T08:51:05.632Z,1e00000990,141.6203432,42.6445855,35,0
2026-07-29T07:02:49Z,2026-07-29T08:51:05.632Z,1e00000990,141.6203775,42.6442839,33,0
2026-07-29T08:39:48Z,2026-07-29T08:51:05.632Z,1e00000990,141.6183493,42.6434714,90,0
2026-07-29T08:41:49Z,2026-07-29T08:51:05.632Z,1e00000990,141.6166033,42.6426553,144,0
2026-07-29T08:46:48Z,2026-07-29T08:51:05.632Z,1e00000990,141.6154576,42.6412199,33,0
2026-07-29T08:54:51Z,2026-07-29T09:52:05.606Z,1e00000990,141.616107,42.6415607,48,0
2026-07-29T08:55:51Z,2026-07-29T09:52:05.606Z,1e00000990,141.6147678,42.6410589,72,0
2026-07-29T08:56:51Z,2026-07-29T09:52:05.606Z,1e00000990,141.6160248,42.64168,134,0
2026-07-29T08:57:51Z,2026-07-29T09:52:05.606Z,1e00000990,141.6118552,42.6392784,160,0
2026-07-29T08:59:48Z,2026-07-29T09:52:05.606Z,1e00000990,141.6160254,42.6412713,44,0
2026-07-29T09:00:49Z,2026-07-29T10:57:05.478Z,1e00000990,141.6160663,42.6415383,24,0
2026-07-29T09:00:51Z,2026-07-29T10:57:05.478Z,1e00000990,141.6159149,42.6414461,25,0
2026-07-29T09:01:51Z,2026-07-29T11:37:05.787Z,1e00000990,141.6156173,42.6413985,126,0
2026-07-29T09:33:49Z,2026-07-29T19:48:06.913Z,1e00000990,141.6206771,42.6322141,120,0
2026-07-29T09:43:50Z,2026-07-29T19:48:06.913Z,1e00000990,141.6207227,42.632726,33,0
2026-07-29T09:50:50Z,2026-07-29T19:48:06.913Z,1e00000990,141.6206108,42.6335982,82,0
2026-07-29T09:50:51Z,2026-07-29T19:48:06.913Z,1e00000990,141.6206332,42.6336033,71,0
2026-07-29T09:53:49Z,2026-07-29T19:48:06.913Z,1e00000990,141.6204961,42.6336616,84,0
2026-07-29T09:55:49Z,2026-07-29T19:48:06.913Z,1e00000990,141.6205859,42.6336168,73,0
2026-07-29T09:56:48Z,2026-07-29T19:48:06.913Z,1e00000990,141.6205897,42.6336122,74,0
2026-07-29T12:07:49Z,2026-07-29T12:41:05.757Z,1e00000990,141.6148327,42.6342754,98,0
2026-07-29T20:01:52Z,2026-07-29T20:46:05.812Z,1e00000990,141.6204564,42.6468489,72,0
2026-07-29T20:03:51Z,2026-07-29T20:46:05.812Z,1e00000990,141.6191732,42.6464906,30,0
2026-07-29T20:04:52Z,2026-07-29T20:46:05.812Z,1e00000990,141.6191713,42.6464756,82,0
2026-07-29T20:07:52Z,2026-07-29T20:46:05.812Z,1e00000990,141.6215255,42.6463236,48,0
2026-07-29T20:10:52Z,2026-07-29T20:46:05.812Z,1e00000990,141.6215266,42.6463243,48,0
2026-07-29T20:15:52Z,2026-07-29T20:46:05.812Z,1e00000990,141.6215125,42.6463678,87,0
2026-07-29T20:19:53Z,2026-07-29T20:46:05.812Z,1e00000990,141.6215125,42.6463678,105,0
2026-07-29T20:32:52Z,2026-07-29T20:46:05.812Z,1e00000990,141.6194664,42.6475813,24,0
2026-07-29T20:55:52Z,2026-07-29T21:49:06.394Z,1e00000990,141.6197662,42.6476878,49,0
2026-07-29T21:59:51Z,2026-07-29T22:48:05.651Z,1e00000990,141.6215342,42.6463286,44,0
2026-07-29T22:07:53Z,2026-07-29T22:48:05.651Z,1e00000990,141.6208224,42.6442556,152,0
2026-07-29T22:21:55Z,2026-07-29T22:48:05.651Z,1e00000990,141.6221114,42.6452925,159,0
2026-07-29T22:43:54Z,2026-07-29T23:51:05.841Z,1e00000990,141.6211665,42.6457222,33,0
2026-07-29T22:46:55Z,2026-07-29T23:51:05.841Z,1e00000990,141.6211665,42.6457222,39,0
2026-07-29T22:48:53Z,2026-07-29T23:51:05.841Z,1e00000990,141.6211665,42.6457222,43,0
2026-07-29T23:07:54Z,2026-07-29T23:51:05.841Z,1e00000990,141.6213357,42.645921,32,0
2026-07-29T23:21:18Z,2026-07-29T23:51:05.841Z,1e00000990,141.6220727,42.6467337,65,0
2026-07-29T23:42:54Z,2026-07-30T00:38:05.614Z,1e00000990,141.6186625,42.6484288,68,0
2026-07-29T23:45:52Z,2026-07-29T23:51:05.841Z,1e00000990,141.6194108,42.6476679,21,0
2026-07-30T00:34:54Z,2026-07-30T00:38:05.614Z,1e00000990,141.621386,42.6458337,47,0
2026-07-30T00:43:52Z,2026-07-30T01:33:06.233Z,1e00000990,141.6208937,42.6464851,106,0
2026-07-30T00:46:54Z,2026-07-30T01:33:06.233Z,1e00000990,141.6212102,42.6457671,56,0
2026-07-30T00:47:52Z,2026-07-30T01:33:06.233Z,1e00000990,141.6215378,42.6463329,76,0
2026-07-30T00:47:55Z,2026-07-30T01:33:06.233Z,1e00000990,141.6215378,42.6463329,77,0
2026-07-30T00:48:55Z,2026-07-30T01:33:06.233Z,1e00000990,141.6215378,42.6463329,79,0
2026-07-30T01:03:55Z,2026-07-30T02:25:06.151Z,1e00000990,141.6199527,42.6480215,167,0
2026-07-30T02:00:55Z,2026-07-30T02:25:06.151Z,1e00000990,141.6200628,42.6479659,127,0
2026-07-30T02:42:53Z,2026-07-30T03:21:06.393Z,1e00000990,141.6197109,42.6471551,44,0
2026-07-30T03:46:55Z,2026-07-30T05:05:05.783Z,1e00000990,141.6201641,42.6475468,134,0
2026-07-30T03:48:53Z,2026-07-30T04:08:07.272Z,1e00000990,141.6202227,42.6477962,130,0
2026-07-30T03:57:56Z,2026-07-30T05:05:05.783Z,1e00000990,141.6201055,42.6477698,27,0
2026-07-30T04:12:53Z,2026-07-30T05:05:05.783Z,1e00000990,141.6198526,42.6474088,31,0
2026-07-30T04:36:54Z,2026-07-30T07:00:05.629Z,1e00000990,141.6200278,42.6472329,29,0
2026-07-30T04:40:54Z,2026-07-30T05:05:05.783Z,1e00000990,141.6209455,42.6475078,122,0
2026-07-30T05:42:56Z,2026-07-30T07:00:05.629Z,1e00000990,141.6201883,42.6472876,21,0
2026-07-30T06:25:56Z,2026-07-30T07:00:05.629Z,1e00000990,141.6202609,42.6473092,21,0
2026-07-30T06:26:54Z,2026-07-30T07:00:05.629Z,1e00000990,141.6214644,42.6476986,114,0
2026-07-30T07:39:54Z,2026-07-30T07:54:05.666Z,1e00000990,141.6228127,42.6484909,133,0
2026-07-30T07:39:55Z,2026-07-30T08:58:06.479Z,1e00000990,141.6199088,42.6474794,134,0
2026-07-30T08:03:57Z,2026-07-30T13:31:06.594Z,1e00000990,141.6184333,42.6467488,123,0
2026-07-30T08:09:54Z,2026-07-30T08:58:06.479Z,1e00000990,141.6211466,42.6475607,148,0
2026-07-30T08:09:57Z,2026-07-30T08:58:06.479Z,1e00000990,141.6202655,42.6472904,26,0
2026-07-30T09:56:56Z,2026-07-30T10:50:07.883Z,1e00000990,141.6154453,42.6347432,37,0
2026-07-30T20:35:58Z,2026-07-30T21:07:05.857Z,1e00000990,141.6192098,42.6408778,124,0
2026-07-30T20:36:00Z,2026-07-30T21:07:05.857Z,1e00000990,141.6185463,42.6416536,42,0
2026-07-30T20:56:59Z,2026-07-30T21:07:05.857Z,1e00000990,141.6213094,42.6457685,46,0
2026-07-30T21:01:59Z,2026-07-30T21:07:05.857Z,1e00000990,141.6215488,42.6463199,33,0
2026-07-30T21:03:00Z,2026-07-30T21:07:05.857Z,1e00000990,141.6221199,42.6460796,21,0
2026-07-30T21:07:59Z,2026-07-30T22:10:05.448Z,1e00000990,141.6215283,42.6463298,47,0
2026-07-30T21:17:01Z,2026-07-30T22:10:05.448Z,1e00000990,141.6213957,42.6477495,142,0
2026-07-30T21:17:59Z,2026-07-30T22:10:05.448Z,1e00000990,141.6203048,42.6472638,67,0
2026-07-30T21:31:44Z,2026-07-30T22:10:05.448Z,1e00000990,141.6188884,42.6466975,42,0
2026-07-30T21:33:59Z,2026-07-30T22:10:05.448Z,1e00000990,141.61941,42.6465231,77,0
2026-07-30T21:51:01Z,2026-07-30T22:10:05.448Z,1e00000990,141.6194676,42.6475663,89,0
2026-07-30T22:05:59Z,2026-07-30T22:10:05.448Z,1e00000990,141.6259304,42.6497213,83,0
2026-07-30T22:52:00Z,2026-07-31T00:19:07.168Z,1e00000990,141.6292262,42.6484149,113,0
2026-07-31T00:09:00Z,2026-07-31T01:10:07.081Z,1e00000990,141.6261134,42.6489229,41,0
2026-07-31T00:10:25Z,2026-07-31T01:10:07.081Z,1e00000990,141.626983,42.648911,75,0
2026-07-31T00:13:25Z,2026-07-31T00:19:07.168Z,1e00000990,141.6227974,42.6477304,42,0
2026-07-31T00:14:43Z,2026-07-31T01:10:07.081Z,1e00000990,141.6239781,42.6483971,121,0
2026-07-31T00:15:05Z,2026-07-31T01:10:07.081Z,1e00000990,141.6236608,42.648137,132,0
2026-07-31T00:46:01Z,2026-07-31T01:10:07.081Z,1e00000990,141.6200387,42.647275,97,0
2026-07-31T01:05:59Z,2026-07-31T01:10:07.081Z,1e00000990,141.6193701,42.6470525,42,0
2026-07-31T01:14:22Z,2026-07-31T01:53:05.976Z,1e00000990,141.6137633,42.6448046,182,0
2026-07-31T01:21:59Z,2026-07-31T01:53:05.976Z,1e00000990,141.6202939,42.6473148,89,0
2026-07-31T01:26:04Z,2026-07-31T01:53:05.976Z,1e00000990,141.6192408,42.6469725,19,0
2026-07-31T01:32:26Z,2026-07-31T01:53:05.976Z,1e00000990,141.6360411,42.6525356,201,0
2026-07-31T01:32:27Z,2026-07-31T01:53:05.976Z,1e00000990,141.6233487,42.6486025,137,0
2026-07-31T02:08:19Z,2026-07-31T02:50:06.821Z,1e00000990,141.6201704,42.6473399,92,0
2026-07-31T02:08:24Z,2026-07-31T02:50:06.821Z,1e00000990,141.6201697,42.6473068,97,0
2026-07-31T02:08:46Z,2026-07-31T02:50:06.821Z,1e00000990,141.6197338,42.6472162,159,0
2026-07-31T02:17:25Z,2026-07-31T02:50:06.821Z,1e00000990,141.6209495,42.6482915,78,0
2026-07-31T02:17:41Z,2026-07-31T02:50:06.821Z,1e00000990,141.6196404,42.6478875,92,0
2026-07-31T02:17:43Z,2026-07-31T02:50:06.821Z,1e00000990,141.6196404,42.6478875,113,0
2026-07-31T02:17:45Z,2026-07-31T02:50:06.821Z,1e00000990,141.6202544,42.6477659,127,0
2026-07-31T02:42:41Z,2026-07-31T03:52:06.436Z,1e00000990,141.6201672,42.6470932,115,0
2026-07-31T02:42:43Z,2026-07-31T03:52:06.436Z,1e00000990,141.6207738,42.6476981,111,0
2026-07-31T02:43:21Z,2026-07-31T03:52:06.436Z,1e00000990,141.6201166,42.6473169,20,0
2026-07-31T02:50:19Z,2026-07-31T03:52:06.436Z,1e00000990,141.6203516,42.6473901,35,0
2026-07-31T03:16:42Z,2026-07-31T03:52:06.436Z,1e00000990,141.6197716,42.6474536,34,0
2026-07-31T03:16:43Z,2026-07-31T03:52:06.436Z,1e00000990,141.6242991,42.649086,184,0
2026-07-31T03:27:42Z,2026-07-31T03:52:06.436Z,1e00000990,141.6186377,42.6466272,116,0
2026-07-31T03:39:01Z,2026-07-31T03:52:06.436Z,1e00000990,141.6196218,42.6470785,39,0
2026-07-31T03:45:03Z,2026-07-31T04:56:06.147Z,1e00000990,141.6182646,42.6469598,105,0
2026-07-31T03:50:42Z,2026-07-31T04:56:06.147Z,1e00000990,141.6201858,42.6472869,48,0
2026-07-31T04:13:27Z,2026-07-31T04:56:06.147Z,1e00000990,141.6201596,42.6478057,61,0
2026-07-31T04:15:06Z,2026-07-31T04:56:06.147Z,1e00000990,141.6174833,42.6463934,195,0
2026-07-31T04:17:48Z,2026-07-31T04:56:06.147Z,1e00000990,141.6201713,42.6473276,140,0
2026-07-31T04:23:08Z,2026-07-31T04:56:06.147Z,1e00000990,141.6197531,42.6471864,31,0
2026-07-31T04:52:46Z,2026-07-31T06:04:06.477Z,1e00000990,141.6202242,42.647765,33,0
2026-07-31T05:10:20Z,2026-07-31T06:04:06.477Z,1e00000990,141.6185011,42.6471075,108,0
2026-07-31T05:14:00Z,2026-07-31T06:04:06.477Z,1e00000990,141.6241211,42.6489613,161,0
2026-07-31T05:21:07Z,2026-07-31T06:04:06.477Z,1e00000990,141.6204653,42.6476188,134,0
2026-07-31T05:23:25Z,2026-07-31T06:04:06.477Z,1e00000990,141.6213756,42.6480296,106,0
2026-07-31T05:26:23Z,2026-07-31T06:04:06.477Z,1e00000990,141.6198798,42.648261,110,0
2026-07-31T05:27:43Z,2026-07-31T06:04:06.477Z,1e00000990,141.618954,42.6468924,96,0
2026-07-31T06:13:41Z,2026-07-31T07:03:06.549Z,1e00000990,141.6196647,42.6476016,35,0
2026-07-31T06:15:20Z,2026-07-31T07:03:06.549Z,1e00000990,141.6201403,42.6477759,43,0
2026-07-31T06:16:02Z,2026-07-31T07:03:06.549Z,1e00000990,141.6213192,42.6483271,82,0
2026-07-31T06:16:44Z,2026-07-31T07:03:06.549Z,1e00000990,141.6211638,42.6478102,127,0
2026-07-31T06:27:03Z,2026-07-31T07:03:06.549Z,1e00000990,141.6199925,42.6472797,39,0
2026-07-31T06:44:48Z,2026-07-31T07:03:06.549Z,1e00000990,141.6191029,42.6475047,148,0
2026-07-31T06:45:07Z,2026-07-31T07:03:06.549Z,1e00000990,141.6192958,42.6475207,153,0
2026-07-31T06:45:08Z,2026-07-31T07:58:06.536Z,1e00000990,141.619885,42.6478266,152,0
2026-07-31T06:46:00Z,2026-07-31T07:58:06.536Z,1e00000990,141.6198613,42.6477047,70,0
2026-07-31T06:51:01Z,2026-07-31T07:03:06.549Z,1e00000990,141.6225086,42.6483798,208,0
2026-07-31T08:26:01Z,2026-07-31T08:54:05.907Z,1e00000990,141.621102,42.6463243,63,0
2026-07-31T08:34:02Z,2026-07-31T08:54:05.907Z,1e00000990,141.6212935,42.6457068,75,0
2026-07-31T08:41:02Z,2026-07-31T08:54:05.907Z,1e00000990,141.6212936,42.6457068,73,0
2026-07-31T08:42:03Z,2026-07-31T09:43:05.586Z,1e00000990,141.6210308,42.6464496,102,0
2026-07-31T08:47:01Z,2026-07-31T08:54:05.907Z,1e00000990,141.6207582,42.6427669,120,0
2026-07-31T08:47:03Z,2026-07-31T08:54:05.907Z,1e00000990,141.6207582,42.6427669,120,0
2026-07-31T09:34:04Z,2026-07-31T09:43:05.586Z,1e00000990,141.6179589,42.634047,70,0
2026-07-31T09:38:03Z,2026-07-31T10:43:05.885Z,1e00000990,141.6179587,42.6340467,72,0
2026-07-31T09:47:03Z,2026-07-31T10:43:05.885Z,1e00000990,141.613966,42.6336832,179,0
2026-07-31T10:14:01Z,2026-07-31T10:43:05.885Z,1e00000990,141.6154452,42.634733,38,0
2026-07-31T10:14:03Z,2026-07-31T10:43:05.885Z,1e00000990,141.6149297,42.6344474,179,0
2026-07-31T10:21:04Z,2026-07-31T11:43:06.229Z,1e00000990,141.6149577,42.6342265,94,0
2026-07-31T10:27:03Z,2026-07-31T10:43:05.885Z,1e00000990,141.6154452,42.634733,36,0
2026-07-31T10:33:04Z,2026-07-31T11:43:06.229Z,1e00000990,141.6154452,42.634733,38,0
2026-07-31T12:06:02Z,2026-07-31T13:16:05.345Z,1e00000990,141.6150395,42.6350668,46,0
2026-07-31T12:16:03Z,2026-07-31T13:16:05.345Z,1e00000990,141.6150395,42.6350668,39,0
2026-07-31T12:39:02Z,2026-07-31T13:16:05.345Z,1e00000990,141.6154555,42.6347139,43,0
2026-07-31T12:46:03Z,2026-07-31T13:16:05.345Z,1e00000990,141.6154555,42.6347139,43,0
2026-07-31T20:14:07Z,2026-07-31T20:39:06.295Z,1e00000990,141.6186619,42.6410073,63,0
2026-07-31T20:15:06Z,2026-07-31T20:39:06.295Z,1e00000990,141.6186615,42.641015,60,0
2026-07-31T20:22:04Z,2026-07-31T20:39:06.295Z,1e00000990,141.6186383,42.6408853,31,0
2026-07-31T20:30:07Z,2026-07-31T20:39:06.295Z,1e00000990,141.6186354,42.641018,95,0
2026-07-31T20:33:05Z,2026-07-31T20:39:06.295Z,1e00000990,141.6186517,42.641093,80,0
2026-07-31T20:45:04Z,2026-07-31T23:12:05.661Z,1e00000990,141.6187443,42.6409708,71,0
2026-07-31T22:06:34Z,2026-07-31T23:12:05.661Z,1e00000990,141.6207362,42.6463041,25,0
2026-07-31T22:10:46Z,2026-07-31T23:12:05.661Z,1e00000990,141.620764,42.6463067,84,0
2026-07-31T22:14:29Z,2026-07-31T23:12:05.661Z,1e00000990,141.619486,42.6475668,56,0
2026-07-31T22:20:04Z,2026-07-31T22:26:06.473Z,1e00000990,141.619623,42.6478525,55,0
2026-07-31T22:38:05Z,2026-07-31T23:12:05.661Z,1e00000990,141.6213222,42.6475767,105,0
2026-07-31T22:42:06Z,2026-08-01T00:02:06.13Z,1e00000990,141.6201558,42.647288,28,0
2026-07-31T22:56:07Z,2026-08-01T00:02:06.13Z,1e00000990,141.619538,42.6474375,143,0
2026-07-31T22:57:08Z,2026-07-31T23:12:05.661Z,1e00000990,141.6171052,42.6460424,162,0
2026-07-31T23:11:06Z,2026-08-01T00:02:06.13Z,1e00000990,141.6234043,42.6489392,178,0
2026-07-31T23:17:06Z,2026-08-01T00:02:06.13Z,1e00000990,141.6194761,42.6475414,58,0
2026-07-31T23:35:05Z,2026-08-01T00:02:06.13Z,1e00000990,141.6203848,42.6473833,123,0
2026-07-31T23:37:07Z,2026-08-01T00:02:06.13Z,1e00000990,141.6201256,42.6474666,125,0
2026-07-31T23:40:05Z,2026-08-01T00:02:06.13Z,1e00000990,141.6197293,42.6476229,118,0
