Collection Time,Synchronized to Cloud,Collected By,Longitude,Latitude,Confidence,Status
2026-08-01T00:20:08Z,2026-08-01T05:34:06.519Z,1e00000990,141.6201041,42.6472621,24,0
2026-08-01T00:51:05Z,2026-08-01T05:34:06.519Z,1e00000990,141.6198508,42.6477193,59,0
2026-08-01T01:07:08Z,2026-08-01T06:25:06.345Z,1e00000990,141.6198501,42.6477214,42,0
2026-08-01T01:49:08Z,2026-08-01T07:25:04.738Z,1e00000990,141.6211266,42.645278,114,0
2026-08-01T01:57:57Z,2026-08-01T09:17:06.589Z,1e00000990,141.6208184,42.6462963,131,0
2026-08-01T03:54:09Z,2026-08-01T09:17:06.589Z,1e00000990,141.6196829,42.6476445,151,0
2026-08-01T05:10:08Z,2026-08-01T09:17:06.589Z,1e00000990,141.6192236,42.6473491,119,0
2026-08-01T05:15:09Z,2026-08-01T09:17:06.589Z,1e00000990,141.6193935,42.6473061,133,0
2026-08-01T06:21:10Z,2026-08-01T10:13:05.532Z,1e00000990,141.6201363,42.6478565,31,0
2026-08-01T08:03:10Z,2026-08-01T10:13:05.532Z,1e00000990,141.6202345,42.6473259,30,0
2026-08-01T08:04:08Z,2026-08-01T10:13:05.532Z,1e00000990,141.6205691,42.6476707,153,0
2026-08-01T09:40:11Z,2026-08-01T10:13:05.532Z,1e00000990,141.6181763,42.642798,31,0
2026-08-01T09:43:11Z,2026-08-01T10:13:05.532Z,1e00000990,141.618299,42.6434583,43,0
2026-08-01T09:47:08Z,2026-08-01T10:13:05.532Z,1e00000990,141.6187926,42.6431488,86,0
2026-08-01T09:48:09Z,2026-08-01T10:13:05.532Z,1e00000990,141.6181953,42.6431997,39,0
2026-08-01T09:58:10Z,2026-08-01T10:13:05.532Z,1e00000990,141.6185691,42.6433896,43,0
2026-08-01T10:24:09Z,2026-08-01T11:05:05.905Z,1e00000990,141.6187574,42.6437969,54,0
2026-08-01T10:25:08Z,2026-08-01T11:05:05.905Z,1e00000990,141.6187653,42.6438446,42,0
2026-08-01T10:26:08Z,2026-08-01T11:05:05.905Z,1e00000990,141.618708,42.6438105,52,0
2026-08-01T10:26:10Z,2026-08-01T11:05:05.905Z,1e00000990,141.61826,42.6435643,106,0
2026-08-01T10:26:11Z,2026-08-01T11:05:05.905Z,1e00000990,141.6185267,42.6435654,27,0
2026-08-01T10:40:10Z,2026-08-01T11:05:05.905Z,1e00000990,141.6189868,42.6441203,140,0
2026-08-01T10:49:11Z,2026-08-01T11:05:05.905Z,1e00000990,141.6182072,42.6441295,167,0
2026-08-01T10:51:10Z,2026-08-01T11:05:05.905Z,1e00000990,141.6185987,42.6440466,103,0
2026-08-01T11:24:10Z,2026-08-01T12:00:05.294Z,1e00000990,141.6187842,42.6439947,76,0
2026-08-01T11:25:11Z,2026-08-01T12:00:05.294Z,1e00000990,141.6183924,42.6434481,31,0
2026-08-01T11:26:09Z,2026-08-01T12:00:05.294Z,1e00000990,141.6186908,42.6446632,153,0
2026-08-01T11:28:10Z,2026-08-01T12:00:05.294Z,1e00000990,141.6186733,42.6438665,72,0
2026-08-01T11:32:09Z,2026-08-01T12:55:05.735Z,1e00000990,141.6183828,42.6433901,25,0
2026-08-01T11:45:10Z,2026-08-01T12:55:05.735Z,1e00000990,141.618772,42.6437964,23,0
2026-08-01T11:55:10Z,2026-08-01T12:55:05.735Z,1e00000990,141.6184749,42.643407,92,0
2026-08-01T11:57:08Z,2026-08-01T12:55:05.735Z,1e00000990,141.6192344,42.6440475,113,0
2026-08-01T11:57:09Z,2026-08-01T13:41:05.376Z,1e00000990,141.6185698,42.6435813,142,0
2026-08-01T12:18:08Z,2026-08-01T13:41:05.376Z,1e00000990,141.6268301,42.6529011,25,0
2026-08-01T12:34:11Z,2026-08-01T13:41:05.376Z,1e00000990,141.6185969,42.6439184,44,0
2026-08-01T12:54:08Z,2026-08-01T13:41:05.376Z,1e00000990,141.6185981,42.6435035,28,0
2026-08-01T13:05:08Z,2026-08-01T13:41:05.376Z,1e00000990,141.6189525,42.6439184,142,0
2026-08-01T13:06:08Z,2026-08-01T13:41:05.376Z,1e00000990,141.6186656,42.6440953,154,0
2026-08-01T13:13:10Z,2026-08-01T13:41:05.376Z,1e00000990,141.6181879,42.6442156,108,0
2026-08-01T13:21:12Z,2026-08-01T13:41:05.376Z,1e00000990,141.6185125,42.6432946,48,0
2026-08-01T13:40:12Z,2026-08-01T14:43:05.093Z,1e00000990,141.6192219,42.6440732,74,0
2026-08-01T13:41:24Z,2026-08-01T14:43:05.093Z,1e00000990,141.6217102,42.6510358,61,0
2026-08-01T13:42:09Z,2026-08-01T14:43:05.093Z,1e00000990,141.6187871,42.6431483,19,0
2026-08-01T13:44:12Z,2026-08-01T15:39:05.547Z,1e00000990,141.6192078,42.6439976,127,0
2026-08-01T13:45:09Z,2026-08-01T15:39:05.547Z,1e00000990,141.6187444,42.6437641,19,0
2026-08-01T13:45:10Z,2026-08-01T16:28:05.649Z,1e00000990,141.618762,42.6429861,130,0
2026-08-01T13:55:11Z,2026-08-01T16:28:05.649Z,1e00000990,141.6185012,42.6432201,19,0
2026-08-01T14:01:10Z,2026-08-01T16:28:05.649Z,1e00000990,141.6167833,42.6488595,187,0
2026-08-01T14:08:11Z,2026-08-01T17:31:05.146Z,1e00000990,141.6185327,42.6432296,109,0
2026-08-01T14:38:10Z,2026-08-01T17:31:05.146Z,1e00000990,141.6185327,42.6435366,69,0
2026-08-01T15:15:12Z,2026-08-01T17:31:05.146Z,1e00000990,141.6182711,42.6434674,48,0
2026-08-01T15:35:12Z,2026-08-01T17:31:05.146Z,1e00000990,141.6186025,42.6437447,35,0
2026-08-01T15:58:10Z,2026-08-01T17:31:05.146Z,1e00000990,141.6188348,42.6442068,23,0
2026-08-01T16:26:11Z,2026-08-01T17:31:05.146Z,1e00000990,141.6178963,42.6436301,50,0
2026-08-01T16:36:10Z,2026-08-01T17:31:05.146Z,1e00000990,141.6187702,42.6438451,19,0
2026-08-01T16:46:09Z,2026-08-01T17:31:05.146Z,1e00000990,141.6194741,42.6434958,170,0
2026-08-01T17:41:11Z,2026-08-01T18:38:05.357Z,1e00000990,141.6188318,42.643964,48,0
2026-08-01T17:56:10Z,2026-08-01T18:38:05.357Z,1e00000990,141.6188351,42.6442252,48,0
2026-08-01T17:59:12Z,2026-08-01T18:38:05.357Z,1e00000990,141.6186787,42.644458,71,0
2026-08-01T18:06:13Z,2026-08-01T18:38:05.357Z,1e00000990,141.6180094,42.6436657,59,0
2026-08-01T18:12:13Z,2026-08-01T18:38:05.357Z,1e00000990,141.6180089,42.6436729,21,0
2026-08-01T18:13:10Z,2026-08-01T19:25:05.899Z,1e00000990,141.6188167,42.6442323,51,0
2026-08-01T18:14:11Z,2026-08-01T19:25:05.899Z,1e00000990,141.6186772,42.6444581,62,0
2026-08-01T18:19:13Z,2026-08-01T19:25:05.899Z,1e00000990,141.6182349,42.6464909,217,0
2026-08-01T18:37:10Z,2026-08-01T19:25:05.899Z,1e00000990,141.6188076,42.6442464,32,0
2026-08-01T18:42:13Z,2026-08-01T22:11:05.006Z,1e00000990,141.6188066,42.6442496,29,0
2026-08-01T18:49:12Z,2026-08-01T22:11:05.006Z,1e00000990,141.618803,42.6442508,28,0
2026-08-01T18:55:10Z,2026-08-01T22:11:05.006Z,1e00000990,141.6187989,42.6442506,27,0
2026-08-01T19:02:11Z,2026-08-01T22:11:05.006Z,1e00000990,141.6186701,42.6444604,47,0
2026-08-01T19:13:12Z,2026-08-01T22:11:05.006Z,1e00000990,141.6187872,42.644256,26,0
2026-08-01T19:30:13Z,2026-08-01T22:11:05.006Z,1e00000990,141.6187965,42.6442484,25,0
2026-08-01T19:36:11Z,2026-08-01T22:11:05.006Z,1e00000990,141.6187941,42.6442551,23,0
2026-08-01T20:07:13Z,2026-08-01T22:11:05.006Z,1e00000990,141.6405029,42.6618351,102,0
2026-08-01T22:19:15Z,2026-08-01T23:11:06.563Z,1e00000990,141.6224923,42.6473431,48,0
2026-08-01T22:20:12Z,2026-08-01T23:11:06.563Z,1e00000990,141.6230268,42.6466192,37,0
2026-08-01T22:20:16Z,2026-08-01T23:11:06.563Z,1e00000990,141.6224443,42.6473411,216,0
2026-08-01T22:20:18Z,2026-08-01T23:11:06.563Z,1e00000990,141.6224443,42.6473411,217,0
2026-08-01T22:20:36Z,2026-08-01T23:11:06.563Z,1e00000990,141.6224923,42.6473431,50,0
2026-08-01T22:20:55Z,2026-08-01T23:11:06.563Z,1e00000990,141.6224443,42.6473411,226,0
2026-08-01T22:28:35Z,2026-08-01T23:11:06.563Z,1e00000990,141.6215464,42.6480888,42,0
2026-08-01T22:51:33Z,2026-08-02T00:05:06.164Z,1e00000990,141.61652,42.6465318,152,0
2026-08-01T23:06:34Z,2026-08-02T00:05:06.164Z,1e00000990,141.6215464,42.6480888,40,0
2026-08-01T23:07:18Z,2026-08-02T00:05:06.164Z,1e00000990,141.6215464,42.6480888,40,0
2026-08-01T23:19:36Z,2026-08-02T00:05:06.164Z,1e00000990,141.6214594,42.6476873,20,0
2026-08-01T23:42:13Z,2026-08-02T00:05:06.164Z,1e00000990,141.6171193,42.6468143,158,0
2026-08-01T23:44:42Z,2026-08-02T00:05:06.164Z,1e00000990,141.6057437,42.6423954,150,0
2026-08-01T23:46:58Z,2026-08-02T00:05:06.164Z,1e00000990,141.6193833,42.64767,32,0
2026-08-02T00:19:51Z,2026-08-02T01:12:05.602Z,1e00000990,141.6197862,42.6474188,119,0
2026-08-02T00:26:14Z,2026-08-02T01:12:05.602Z,1e00000990,141.6208866,42.647779,135,0
2026-08-02T00:32:56Z,2026-08-02T01:12:05.602Z,1e00000990,141.6218757,42.6477862,177,0
2026-08-02T00:46:39Z,2026-08-02T01:12:05.602Z,1e00000990,141.6187624,42.6473979,99,0
2026-08-02T00:46:59Z,2026-08-02T01:12:05.602Z,1e00000990,141.6226227,42.6484337,92,0
2026-08-02T00:51:37Z,2026-08-02T01:12:05.602Z,1e00000990,141.6199395,42.6478688,72,0
2026-08-02T00:52:19Z,2026-08-02T01:12:05.602Z,1e00000990,141.6199321,42.6478612,70,0
2026-08-02T00:52:39Z,2026-08-02T01:12:05.602Z,1e00000990,141.6199321,42.6478612,70,0
2026-08-02T01:28:56Z,2026-08-02T02:10:05.411Z,1e00000990,141.6195053,42.6476388,83,0
2026-08-02T01:29:19Z,2026-08-02T02:10:05.411Z,1e00000990,141.61968,42.6471584,80,0
2026-08-02T01:33:58Z,2026-08-02T02:10:05.411Z,1e00000990,141.6209484,42.6482913,81,0
2026-08-02T01:34:12Z,2026-08-02T02:10:05.411Z,1e00000990,141.6209484,42.6482913,82,0
2026-08-02T01:34:14Z,2026-08-02T02:10:05.411Z,1e00000990,141.6209484,42.6482913,82,0
2026-08-02T01:52:14Z,2026-08-02T03:08:05.499Z,1e00000990,141.6198666,42.6477614,22,0
2026-08-02T01:52:39Z,2026-08-02T03:08:05.499Z,1e00000990,141.6200491,42.6477864,27,0
2026-08-02T01:59:18Z,2026-08-02T03:08:05.499Z,1e00000990,141.6202486,42.6478099,33,0
2026-08-02T02:16:15Z,2026-08-02T03:08:05.499Z,1e00000990,141.6209518,42.648297,91,0
2026-08-02T02:35:53Z,2026-08-02T03:08:05.499Z,1e00000990,141.6190153,42.6471147,138,0
2026-08-02T02:44:40Z,2026-08-02T03:08:05.499Z,1e00000990,141.6094511,42.6435037,150,0
2026-08-02T02:52:49Z,2026-08-02T03:08:05.499Z,1e00000990,141.6503208,42.6547397,23,0
2026-08-02T02:58:36Z,2026-08-02T03:08:05.499Z,1e00000990,141.6194323,42.6470283,20,0
2026-08-02T03:08:18Z,2026-08-02T04:04:05.45Z,1e00000990,141.6202171,42.6475396,45,0
2026-08-02T03:08:59Z,2026-08-02T04:04:05.45Z,1e00000990,141.619016,42.6472914,149,0
2026-08-02T03:22:20Z,2026-08-02T04:04:05.45Z,1e00000990,141.6195137,42.6475834,43,0
2026-08-02T03:22:40Z,2026-08-02T04:04:05.45Z,1e00000990,141.6195059,42.6476238,82,0
2026-08-02T03:29:56Z,2026-08-02T04:04:05.45Z,1e00000990,141.6220572,42.6474845,122,0
2026-08-02T03:35:37Z,2026-08-02T04:04:05.45Z,1e00000990,141.6219178,42.6475266,44,0
2026-08-02T03:39:20Z,2026-08-02T04:04:05.45Z,1e00000990,141.6219178,42.6475266,44,0
2026-08-02T03:41:53Z,2026-08-02T04:04:05.45Z,1e00000990,141.6215666,42.6477304,34,0
2026-08-02T04:31:19Z,2026-08-02T05:00:05.629Z,1e00000990,141.6202934,42.6478787,61,0
2026-08-02T04:32:19Z,2026-08-02T05:00:05.629Z,1e00000990,141.6203356,42.6478679,29,0
2026-08-02T04:33:56Z,2026-08-02T05:00:05.629Z,1e00000990,141.6206221,42.6474199,42,0
2026-08-02T04:40:52Z,2026-08-02T05:00:05.629Z,1e00000990,141.6205905,42.6477181,44,0
2026-08-02T04:40:54Z,2026-08-02T05:00:05.629Z,1e00000990,141.6205905,42.6477181,46,0
2026-08-02T04:40:59Z,2026-08-02T05:00:05.629Z,1e00000990,141.6205905,42.6477181,46,0
2026-08-02T04:43:14Z,2026-08-02T05:00:05.629Z,1e00000990,141.6209632,42.6457142,206,0
2026-08-02T04:49:54Z,2026-08-02T05:00:05.629Z,1e00000990,141.6174462,42.6467065,129,0
2026-08-02T05:08:38Z,2026-08-02T05:55:05.548Z,1e00000990,141.6220005,42.6477951,37,0
2026-08-02T05:12:40Z,2026-08-02T05:55:05.548Z,1e00000990,141.6215477,42.6480859,122,0
2026-08-02T05:13:37Z,2026-08-02T05:55:05.548Z,1e00000990,141.6215552,42.6479794,43,0
2026-08-02T05:13:38Z,2026-08-02T05:55:05.548Z,1e00000990,141.6216726,42.6480908,149,0
2026-08-02T05:20:58Z,2026-08-02T05:55:05.548Z,1e00000990,141.6216119,42.6477069,30,0
2026-08-02T05:27:18Z,2026-08-02T05:55:05.548Z,1e00000990,141.6215476,42.648086,100,0
2026-08-02T05:29:58Z,2026-08-02T05:55:05.548Z,1e00000990,141.6215476,42.648086,70,0
2026-08-02T05:34:35Z,2026-08-02T06:57:04.965Z,1e00000990,141.6215476,42.648086,72,0
2026-08-02T05:44:36Z,2026-08-02T06:57:04.965Z,1e00000990,141.621574,42.64811,59,0
2026-08-02T05:55:34Z,2026-08-02T06:57:04.965Z,1e00000990,141.6227287,42.6480148,149,0
2026-08-02T05:56:56Z,2026-08-02T06:57:04.965Z,1e00000990,141.6166278,42.6455048,201,0
2026-08-02T06:10:57Z,2026-08-02T06:57:04.965Z,1e00000990,141.6216518,42.6477231,39,0
2026-08-02T06:12:13Z,2026-08-02T06:57:04.965Z,1e00000990,141.6213638,42.6476684,23,0
2026-08-02T06:30:01Z,2026-08-02T06:57:04.965Z,1e00000990,141.6216749,42.6477245,20,0
2026-08-02T06:36:53Z,2026-08-02T07:54:06.147Z,1e00000990,141.6215476,42.648086,42,0
2026-08-02T07:03:17Z,2026-08-02T07:54:06.147Z,1e00000990,141.6219427,42.6477696,48,0
2026-08-02T07:09:12Z,2026-08-02T07:54:06.147Z,1e00000990,141.6221682,42.6479644,150,0
2026-08-02T07:15:18Z,2026-08-02T07:54:06.147Z,1e00000990,141.6216275,42.6476977,26,0
2026-08-02T07:15:34Z,2026-08-02T07:54:06.147Z,1e00000990,141.6219178,42.6475266,44,0
2026-08-02T07:18:04Z,2026-08-02T08:45:05.484Z,1e00000990,141.6213182,42.647642,97,0
2026-08-02T07:19:40Z,2026-08-02T08:45:05.484Z,1e00000990,141.6218615,42.647523,46,0
2026-08-02T07:38:39Z,2026-08-02T08:45:05.484Z,1e00000990,141.6214338,42.6479174,94,0
2026-08-02T07:38:40Z,2026-08-02T09:41:06.037Z,1e00000990,141.6020705,42.6417137,126,0
2026-08-02T07:38:41Z,2026-08-02T09:41:06.037Z,1e00000990,141.6215127,42.647955,35,0
2026-08-02T07:57:57Z,2026-08-02T09:41:06.037Z,1e00000990,141.6224085,42.6485621,57,0
2026-08-02T09:16:19Z,2026-08-02T09:41:06.037Z,1e00000990,141.6273512,42.6483064,84,0
2026-08-02T09:16:21Z,2026-08-02T10:39:05.552Z,1e00000990,141.6260911,42.6470817,77,0
2026-08-02T09:24:19Z,2026-08-02T10:39:05.552Z,1e00000990,141.6261172,42.6469749,190,0
2026-08-02T09:31:34Z,2026-08-02T10:39:05.552Z,1e00000990,141.6257612,42.6463024,19,0
2026-08-02T09:32:14Z,2026-08-02T11:36:05.028Z,1e00000990,141.6265797,42.64655,27,0
2026-08-02T09:32:19Z,2026-08-02T11:36:05.028Z,1e00000990,141.6265822,42.6465479,43,0
2026-08-02T09:35:13Z,2026-08-02T11:36:05.028Z,1e00000990,141.6265091,42.6465891,39,0
2026-08-02T09:58:52Z,2026-08-02T12:27:06.53Z,1e00000990,141.6255491,42.6450995,98,0
2026-08-02T10:45:53Z,2026-08-02T12:27:06.53Z,1e00000990,141.6260475,42.6465693,123,0
2026-08-02T10:53:13Z,2026-08-02T12:27:06.53Z,1e00000990,141.6252516,42.6463236,31,0
2026-08-02T11:00:57Z,2026-08-02T12:27:06.53Z,1e00000990,141.6264277,42.6470109,102,0
2026-08-02T11:03:54Z,2026-08-02T13:31:06.249Z,1e00000990,141.6256587,42.6462888,31,0
2026-08-02T11:16:50Z,2026-08-02T14:43:06.5Z,1e00000990,141.6247307,42.6455522,36,0
2026-08-02T11:27:56Z,2026-08-02T14:43:06.5Z,1e00000990,141.6252036,42.6462865,149,0
2026-08-02T11:40:15Z,2026-08-02T14:43:06.5Z,1e00000990,141.6258934,42.6461598,31,0
2026-08-02T11:44:45Z,2026-08-02T15:25:05.173Z,1e00000990,141.6226946,42.6455235,173,0
2026-08-02T11:52:15Z,2026-08-02T15:25:05.173Z,1e00000990,141.6254756,42.6464572,44,0
2026-08-02T12:33:16Z,2026-08-02T15:25:05.173Z,1e00000990,141.629598,42.6495704,195,0
2026-08-02T13:10:16Z,2026-08-02T15:25:05.173Z,1e00000990,141.6264786,42.6468799,69,0
2026-08-02T13:57:16Z,2026-08-02T16:28:04.914Z,1e00000990,141.626409,42.6468461,133,0
2026-08-02T14:24:16Z,2026-08-02T16:28:04.914Z,1e00000990,141.6186031,42.6438355,19,0
2026-08-02T14:50:14Z,2026-08-02T16:28:04.914Z,1e00000990,141.6186103,42.6437792,50,0
2026-08-02T14:53:17Z,2026-08-02T16:28:04.914Z,1e00000990,141.6186873,42.6441689,72,0
2026-08-02T15:05:16Z,2026-08-02T16:28:04.914Z,1e00000990,141.6187153,42.6436353,29,0
2026-08-02T16:09:15Z,2026-08-02T16:28:04.914Z,1e00000990,141.6186779,42.6442538,32,0
2026-08-02T16:14:17Z,2026-08-02T17:31:05.899Z,1e00000990,141.6187024,42.6442528,36,0
2026-08-02T16:14:18Z,2026-08-02T17:31:05.899Z,1e00000990,141.6172128,42.6441204,73,0
2026-08-02T16:16:15Z,2026-08-02T17:31:05.899Z,1e00000990,141.6172128,42.6441204,65,0
2026-08-02T16:33:17Z,2026-08-02T17:31:05.899Z,1e00000990,141.6187485,42.6442083,48,0
2026-08-02T16:39:16Z,2026-08-02T17:31:05.899Z,1e00000990,141.6187346,42.6442015,42,0
2026-08-02T16:45:18Z,2026-08-02T17:31:05.899Z,1e00000990,141.6187503,42.6441967,38,0
2026-08-02T16:51:16Z,2026-08-02T17:31:05.899Z,1e00000990,141.6188893,42.6442072,72,0
2026-08-02T17:01:16Z,2026-08-02T17:31:05.899Z,1e00000990,141.6188128,42.6441804,46,0
2026-08-02T17:21:18Z,2026-08-02T18:29:05.651Z,1e00000990,141.6188161,42.6441847,32,0
2026-08-02T17:22:15Z,2026-08-02T18:29:05.651Z,1e00000990,141.6174427,42.6486007,160,0
2026-08-02T17:23:53Z,2026-08-02T18:29:05.651Z,1e00000990,141.6188781,42.6443839,58,0
2026-08-02T17:27:16Z,2026-08-02T19:21:05.539Z,1e00000990,141.618822,42.6441897,30,0
2026-08-02T17:32:18Z,2026-08-02T19:21:05.539Z,1e00000990,141.6188262,42.6441884,29,0
2026-08-02T18:01:15Z,2026-08-02T19:21:05.539Z,1e00000990,141.6188002,42.6441976,24,0
2026-08-02T18:06:18Z,2026-08-02T19:21:05.539Z,1e00000990,141.6188046,42.6441977,24,0
2026-08-02T18:17:18Z,2026-08-02T19:21:05.539Z,1e00000990,141.6188146,42.6442,24,0
2026-08-02T18:28:15Z,2026-08-02T20:31:05.275Z,1e00000990,141.6188206,42.6442006,24,0
2026-08-02T19:01:18Z,2026-08-02T21:31:04.979Z,1e00000990,141.6187989,42.6441978,24,0
2026-08-02T19:22:16Z,2026-08-02T22:20:06.421Z,1e00000990,141.6187793,42.6442089,23,0
2026-08-02T19:35:18Z,2026-08-02T22:20:06.421Z,1e00000990,141.6177357,42.6432932,110,0
2026-08-02T19:40:17Z,2026-08-02T22:20:06.421Z,1e00000990,141.6177793,42.6435758,61,0
2026-08-02T19:58:18Z,2026-08-02T22:20:06.421Z,1e00000990,141.6161243,42.645584,123,0
2026-08-02T20:19:18Z,2026-08-02T22:20:06.421Z,1e00000990,141.6158748,42.6454039,73,0
2026-08-02T20:42:16Z,2026-08-02T22:20:06.421Z,1e00000990,141.6169928,42.6469413,28,0
2026-08-02T21:00:34Z,2026-08-02T22:20:06.421Z,1e00000990,141.6189095,42.6467269,32,0
2026-08-02T22:03:19Z,2026-08-02T22:20:06.421Z,1e00000990,141.6212235,42.6461395,40,0
2026-08-02T22:35:02Z,2026-08-02T23:14:05.769Z,1e00000990,141.6221597,42.6475708,102,0
2026-08-02T22:35:18Z,2026-08-02T23:14:05.769Z,1e00000990,141.6215159,42.6476424,112,0
2026-08-02T22:35:38Z,2026-08-02T23:14:05.769Z,1e00000990,141.623178,42.6481857,31,0
2026-08-02T22:37:19Z,2026-08-02T23:14:05.769Z,1e00000990,141.6375768,42.6506125,178,0
2026-08-02T22:39:36Z,2026-08-02T23:14:05.769Z,1e00000990,141.6228372,42.6480888,19,0
2026-08-02T22:39:39Z,2026-08-03T00:09:05.178Z,1e00000990,141.6233934,42.6482448,19,0
2026-08-02T22:40:02Z,2026-08-03T00:09:05.178Z,1e00000990,141.6226701,42.6480132,26,0
2026-08-02T22:40:17Z,2026-08-03T00:09:05.178Z,1e00000990,141.6224963,42.6480068,30,0
2026-08-02T23:25:41Z,2026-08-03T01:01:05.84Z,1e00000990,141.6288492,42.6489083,29,0
2026-08-02T23:28:03Z,2026-08-03T01:01:05.84Z,1e00000990,141.6298005,42.6478304,145,0
2026-08-02T23:28:05Z,2026-08-03T01:01:05.84Z,1e00000990,141.6296066,42.6479185,154,0
2026-08-02T23:28:18Z,2026-08-03T01:01:05.84Z,1e00000990,141.6284576,42.6489335,25,0
2026-08-02T23:29:02Z,2026-08-03T01:01:05.84Z,1e00000990,141.6286199,42.64874,152,0
2026-08-02T23:45:23Z,2026-08-03T01:56:05.79Z,1e00000990,141.6270906,42.6488845,131,0
2026-08-03T00:40:23Z,2026-08-03T01:56:05.79Z,1e00000990,141.6263096,42.6498013,93,0
2026-08-03T00:41:02Z,2026-08-03T01:56:05.79Z,1e00000990,141.6263029,42.6498896,44,0
2026-08-03T00:58:16Z,2026-08-03T01:56:05.79Z,1e00000990,141.6262299,42.6499955,75,0
2026-08-03T01:00:19Z,2026-08-03T03:01:06.348Z,1e00000990,141.6269229,42.6503631,58,0
2026-08-03T01:14:38Z,2026-08-03T03:01:06.348Z,1e00000990,141.6261019,42.6496175,43,0
2026-08-03T01:14:42Z,2026-08-03T03:01:06.348Z,1e00000990,141.6267196,42.6497786,47,0
2026-08-03T01:36:31Z,2026-08-03T03:01:06.348Z,1e00000990,141.6292803,42.6500834,69,0
2026-08-03T02:11:44Z,2026-08-03T03:01:06.348Z,1e00000990,141.626342,42.6487399,155,0
2026-08-03T02:13:57Z,2026-08-03T03:01:06.348Z,1e00000990,141.6273074,42.648568,137,0
2026-08-03T02:14:00Z,2026-08-03T03:01:06.348Z,1e00000990,141.6274082,42.6485823,125,0
2026-08-03T03:22:38Z,2026-08-03T04:01:05.34Z,1e00000990,141.6205032,42.6477912,76,0
2026-08-03T03:23:05Z,2026-08-03T04:01:05.34Z,1e00000990,141.6207242,42.647445,26,0
2026-08-03T03:24:19Z,2026-08-03T04:01:05.34Z,1e00000990,141.6204996,42.6477844,82,0
2026-08-03T03:25:39Z,2026-08-03T04:01:05.34Z,1e00000990,141.6205066,42.6477762,84,0
2026-08-03T03:29:39Z,2026-08-03T04:01:05.34Z,1e00000990,141.6202748,42.6478249,65,0
2026-08-03T03:36:44Z,2026-08-03T04:01:05.34Z,1e00000990,141.6200601,42.6478628,127,0
2026-08-03T03:38:43Z,2026-08-03T04:01:05.34Z,1e00000990,141.6201891,42.6479999,75,0
2026-08-03T03:39:37Z,2026-08-03T04:01:05.34Z,1e00000990,141.6198733,42.6476601,33,0
2026-08-03T04:15:00Z,2026-08-03T04:54:05.603Z,1e00000990,141.6215369,42.6481005,57,0
2026-08-03T04:16:24Z,2026-08-03T04:54:05.603Z,1e00000990,141.6215369,42.6481005,55,0
2026-08-03T04:23:45Z,2026-08-03T04:54:05.603Z,1e00000990,141.6212268,42.6474953,117,0
2026-08-03T04:39:57Z,2026-08-03T04:54:05.603Z,1e00000990,141.6196831,42.647766,87,0
2026-08-03T04:49:37Z,2026-08-03T04:54:05.603Z,1e00000990,141.5979827,42.6401056,169,0
2026-08-03T04:49:38Z,2026-08-03T04:54:05.603Z,1e00000990,141.6195211,42.647556,34,0
2026-08-03T04:51:05Z,2026-08-03T04:54:05.603Z,1e00000990,141.619683,42.6477656,89,0
2026-08-03T05:11:00Z,2026-08-03T05:47:06.313Z,1e00000990,141.6198842,42.6474582,54,0
2026-08-03T05:11:01Z,2026-08-03T05:47:06.313Z,1e00000990,141.6187507,42.6472321,115,0
2026-08-03T05:24:04Z,2026-08-03T05:47:06.313Z,1e00000990,141.6201432,42.6478876,146,0
2026-08-03T05:30:57Z,2026-08-03T05:47:06.313Z,1e00000990,141.6196826,42.6477653,73,0
2026-08-03T05:32:58Z,2026-08-03T05:47:06.313Z,1e00000990,141.6196829,42.6477655,87,0
2026-08-03T05:33:17Z,2026-08-03T05:47:06.313Z,1e00000990,141.6138568,42.6463323,180,0
2026-08-03T05:39:59Z,2026-08-03T05:47:06.313Z,1e00000990,141.6196824,42.6477638,98,0
2026-08-03T06:18:41Z,2026-08-03T06:36:04.758Z,1e00000990,141.6194752,42.6476386,113,0
2026-08-03T06:18:45Z,2026-08-03T06:36:04.758Z,1e00000990,141.6194752,42.6476386,154,0
2026-08-03T06:18:58Z,2026-08-03T06:36:04.758Z,1e00000990,141.6199186,42.6473,75,0
2026-08-03T06:19:01Z,2026-08-03T06:36:04.758Z,1e00000990,141.6199186,42.6473,75,0
2026-08-03T06:19:04Z,2026-08-03T06:36:04.758Z,1e00000990,141.6199186,42.6473,75,0
2026-08-03T06:19:21Z,2026-08-03T06:36:04.758Z,1e00000990,141.6215369,42.6481005,41,0
2026-08-03T06:19:55Z,2026-08-03T06:36:04.758Z,1e00000990,141.6195286,42.6476115,142,0
2026-08-03T06:57:05Z,2026-08-03T07:40:05.382Z,1e00000990,141.6215781,42.6477328,44,0
2026-08-03T07:00:58Z,2026-08-03T07:40:05.382Z,1e00000990,141.6216634,42.6476156,121,0
2026-08-03T07:01:04Z,2026-08-03T07:40:05.382Z,1e00000990,141.6218077,42.6477112,123,0
2026-08-03T07:02:46Z,2026-08-03T07:40:05.382Z,1e00000990,141.6219225,42.6478358,28,0
2026-08-03T07:11:24Z,2026-08-03T07:40:05.382Z,1e00000990,141.6204555,42.6475097,181,0
2026-08-03T07:17:45Z,2026-08-03T07:40:05.382Z,1e00000990,141.6219067,42.6490165,193,0
2026-08-03T07:33:20Z,2026-08-03T07:40:05.382Z,1e00000990,141.6194045,42.6470864,36,0
2026-08-03T07:36:41Z,2026-08-03T07:40:05.382Z,1e00000990,141.6203106,42.6473715,147,0
2026-08-03T07:47:38Z,2026-08-03T08:30:05.358Z,1e00000990,141.6189653,42.6470269,96,0
2026-08-03T07:48:00Z,2026-08-03T08:30:05.358Z,1e00000990,141.6200202,42.6478843,117,0
2026-08-03T07:48:45Z,2026-08-03T08:30:05.358Z,1e00000990,141.6200228,42.6478551,34,0
2026-08-03T07:53:21Z,2026-08-03T09:19:05.882Z,1e00000990,141.6151544,42.6414073,235,0
2026-08-03T07:56:04Z,2026-08-03T09:19:05.882Z,1e00000990,141.6253417,42.6494796,120,0
2026-08-03T07:56:21Z,2026-08-03T09:19:05.882Z,1e00000990,141.6218675,42.6477751,31,0
2026-08-03T07:56:25Z,2026-08-03T09:19:05.882Z,1e00000990,141.6204871,42.6476291,91,0
2026-08-03T07:56:26Z,2026-08-03T09:19:05.882Z,1e00000990,141.6204472,42.6476149,90,0
2026-08-03T08:13:19Z,2026-08-03T09:19:05.882Z,1e00000990,141.6286576,42.6484776,103,0
2026-08-03T08:13:20Z,2026-08-03T09:19:05.882Z,1e00000990,141.6285966,42.6482981,147,0
2026-08-03T08:36:15Z,2026-08-03T09:19:05.882Z,1e00000990,141.6276513,42.6485592,158,0
2026-08-03T09:50:06Z,2026-08-03T10:16:05.955Z,1e00000990,141.6176571,42.640309,79,0
2026-08-03T09:52:46Z,2026-08-03T10:16:05.955Z,1e00000990,141.6176972,42.6401824,28,0
2026-08-03T09:55:06Z,2026-08-03T10:16:05.955Z,1e00000990,141.6188193,42.6405617,51,0
2026-08-03T09:55:20Z,2026-08-03T10:16:05.955Z,1e00000990,141.6188228,42.6405584,76,0
2026-08-03T09:55:23Z,2026-08-03T10:16:05.955Z,1e00000990,141.6188228,42.6405584,86,0
2026-08-03T09:55:40Z,2026-08-03T10:16:05.955Z,1e00000990,141.6185112,42.6410248,124,0
2026-08-03T09:56:03Z,2026-08-03T10:16:05.955Z,1e00000990,141.6185671,42.6411454,109,0
2026-08-03T10:03:23Z,2026-08-03T11:21:04.923Z,1e00000990,141.6196474,42.6346174,95,0
2026-08-03T10:04:23Z,2026-08-03T11:21:04.923Z,1e00000990,141.6197096,42.6346195,121,0
2026-08-03T10:07:40Z,2026-08-03T11:21:04.923Z,1e00000990,141.6151515,42.6406439,138,0
2026-08-03T10:10:21Z,2026-08-03T11:21:04.923Z,1e00000990,141.6191474,42.634542,46,0
2026-08-03T10:13:59Z,2026-08-03T11:21:04.923Z,1e00000990,141.6198511,42.6343157,46,0
2026-08-03T10:18:26Z,2026-08-03T13:07:06.833Z,1e00000990,141.6198467,42.6343165,44,0
2026-08-03T10:19:44Z,2026-08-03T20:26:05.081Z,1e00000990,141.6190685,42.6345348,77,0
2026-08-03T10:20:44Z,2026-08-03T20:26:05.081Z,1e00000990,141.6198444,42.634318,112,0
2026-08-03T10:50:45Z,2026-08-03T20:26:05.081Z,1e00000990,141.6198843,42.6342761,114,0
2026-08-03T11:28:06Z,2026-08-03T20:26:05.081Z,1e00000990,141.619132,42.6345797,77,0
2026-08-03T11:28:59Z,2026-08-03T20:26:05.081Z,1e00000990,141.6191329,42.6345334,68,0
2026-08-03T11:33:04Z,2026-08-03T20:26:05.081Z,1e00000990,141.6191233,42.6345158,118,0
2026-08-03T11:34:20Z,2026-08-03T21:34:05.43Z,1e00000990,141.6193557,42.6345408,107,0
2026-08-03T11:34:43Z,2026-08-03T21:34:05.43Z,1e00000990,141.6197235,42.6343385,109,0
2026-08-03T14:39:21Z,2026-08-03T22:16:07.009Z,1e00000990,141.6190918,42.6345199,102,0
2026-08-03T14:46:19Z,2026-08-03T22:16:07.009Z,1e00000990,141.6191444,42.6344422,95,0
2026-08-03T14:48:21Z,2026-08-03T22:16:07.009Z,1e00000990,141.6191442,42.634442,69,0
2026-08-03T20:22:21Z,2026-08-03T22:16:07.009Z,1e00000990,141.6193423,42.6447021,100,0
2026-08-03T21:04:22Z,2026-08-03T22:16:07.009Z,1e00000990,141.6284552,42.6506445,44,0
2026-08-03T21:25:22Z,2026-08-03T22:16:07.009Z,1e00000990,141.6292552,42.6509613,49,0
2026-08-03T22:04:02Z,2026-08-03T22:16:07.009Z,1e00000990,141.6219876,42.6482957,82,0
2026-08-03T22:09:45Z,2026-08-03T22:16:07.009Z,1e00000990,141.6247518,42.6485466,164,0
2026-08-03T22:42:23Z,2026-08-03T23:09:07.495Z,1e00000990,141.6223515,42.648271,42,0
2026-08-03T22:48:25Z,2026-08-03T23:09:07.495Z,1e00000990,141.6224291,42.648548,53,0
2026-08-03T22:49:09Z,2026-08-03T23:09:07.495Z,1e00000990,141.6226769,42.6485673,155,0
2026-08-03T22:49:27Z,2026-08-03T23:09:07.495Z,1e00000990,141.6224267,42.6485503,51,0
2026-08-03T22:51:02Z,2026-08-03T23:09:07.495Z,1e00000990,141.622628,42.6484336,38,0
2026-08-03T23:00:21Z,2026-08-03T23:09:07.495Z,1e00000990,141.6228421,42.6480423,19,0
2026-08-03T23:01:24Z,2026-08-03T23:09:07.495Z,1e00000990,141.623109,42.6481617,24,0
2026-08-03T23:32:04Z,2026-08-04T00:11:05.112Z,1e00000990,141.6288562,42.6489426,182,0
2026-08-03T23:33:05Z,2026-08-04T00:11:05.112Z,1e00000990,141.622304,42.6470999,133,0
2026-08-03T23:33:49Z,2026-08-04T00:11:05.112Z,1e00000990,141.6219764,42.6482865,36,0
2026-08-03T23:47:05Z,2026-08-04T00:11:05.112Z,1e00000990,141.6225867,42.6477549,27,0
2026-08-03T23:50:48Z,2026-08-04T00:11:05.112Z,1e00000990,141.6229408,42.6481634,146,0
2026-08-03T23:51:04Z,2026-08-04T00:11:05.112Z,1e00000990,141.6219966,42.6482859,72,0
2026-08-03T23:56:07Z,2026-08-04T00:11:05.112Z,1e00000990,141.6219966,42.6482859,73,0
2026-08-04T00:10:12Z,2026-08-04T00:11:05.112Z,1e00000990,141.6193784,42.6476115,30,0
2026-08-04T00:47:42Z,2026-08-04T01:02:05.438Z,1e00000990,141.6198467,42.6476415,97,0
2026-08-04T00:47:48Z,2026-08-04T01:02:05.438Z,1e00000990,141.6199643,42.6474073,106,0
2026-08-04T00:48:44Z,2026-08-04T01:02:05.438Z,1e00000990,141.6198976,42.6473833,97,0
2026-08-04T00:49:04Z,2026-08-04T01:02:05.438Z,1e00000990,141.6193417,42.6470229,52,0
2026-08-04T00:49:08Z,2026-08-04T01:02:05.438Z,1e00000990,141.6195279,42.6474698,97,0
2026-08-04T00:50:03Z,2026-08-04T01:02:05.438Z,1e00000990,141.6192143,42.64677,153,0
2026-08-04T00:58:28Z,2026-08-04T01:02:05.438Z,1e00000990,141.6211868,42.6477495,130,0
2026-08-04T01:29:24Z,2026-08-04T01:56:05.729Z,1e00000990,141.6219932,42.6479303,99,0
2026-08-04T01:29:27Z,2026-08-04T01:56:05.729Z,1e00000990,141.6219932,42.6479303,101,0
2026-08-04T01:30:30Z,2026-08-04T01:56:05.729Z,1e00000990,141.6218718,42.6479971,105,0
2026-08-04T01:31:43Z,2026-08-04T01:56:05.729Z,1e00000990,141.6220121,42.647998,105,0
2026-08-04T01:31:44Z,2026-08-04T01:56:05.729Z,1e00000990,141.6213229,42.6482545,69,0
2026-08-04T01:31:49Z,2026-08-04T01:56:05.729Z,1e00000990,141.6220121,42.647998,109,0
2026-08-04T01:33:47Z,2026-08-04T01:56:05.729Z,1e00000990,141.6219682,42.6482054,90,0
2026-08-04T01:34:07Z,2026-08-04T03:00:05.313Z,1e00000990,141.6219682,42.6482054,102,0
2026-08-04T01:34:10Z,2026-08-04T03:00:05.313Z,1e00000990,141.6219682,42.6482054,104,0
2026-08-04T01:34:50Z,2026-08-04T03:00:05.313Z,1e00000990,141.6219718,42.6482038,117,0
2026-08-04T01:43:47Z,2026-08-04T03:45:05.806Z,1e00000990,141.6217938,42.6479609,82,0
2026-08-04T01:49:48Z,2026-08-04T03:45:05.806Z,1e00000990,141.6219455,42.6478713,106,0
2026-08-04T02:16:28Z,2026-08-04T03:45:05.806Z,1e00000990,141.6222971,42.6482784,43,0
2026-08-04T02:38:26Z,2026-08-04T03:45:05.806Z,1e00000990,141.6209561,42.6463652,165,0
2026-08-04T02:49:07Z,2026-08-04T03:45:05.806Z,1e00000990,141.6205283,42.647055,53,0
2026-08-04T02:49:25Z,2026-08-04T03:45:05.806Z,1e00000990,141.6215147,42.6463633,101,0
2026-08-04T02:49:49Z,2026-08-04T03:45:05.806Z,1e00000990,141.6209272,42.6463844,73,0
2026-08-04T02:57:09Z,2026-08-04T03:45:05.806Z,1e00000990,141.6209276,42.6463844,77,0
2026-08-04T03:59:10Z,2026-08-04T04:38:05.597Z,1e00000990,141.6202032,42.6469516,115,0
2026-08-04T04:12:43Z,2026-08-04T04:38:05.597Z,1e00000990,141.620151,42.6475065,31,0
2026-08-04T04:12:44Z,2026-08-04T04:38:05.597Z,1e00000990,141.6200015,42.6474363,36,0
2026-08-04T04:12:45Z,2026-08-04T04:38:05.597Z,1e00000990,141.6140073,42.6451649,140,0
2026-08-04T04:22:10Z,2026-08-04T04:38:05.597Z,1e00000990,141.6212598,42.6483468,79,0
2026-08-04T04:23:04Z,2026-08-04T05:37:05.802Z,1e00000990,141.6217435,42.6477068,80,0
2026-08-04T04:40:46Z,2026-08-04T05:37:05.802Z,1e00000990,141.6214283,42.6457126,163,0
2026-08-04T04:48:45Z,2026-08-04T05:37:05.802Z,1e00000990,141.6211659,42.6474799,152,0
2026-08-04T04:54:30Z,2026-08-04T05:37:05.802Z,1e00000990,141.6222989,42.6479613,108,0
2026-08-04T05:24:42Z,2026-08-04T05:37:05.802Z,1e00000990,141.6214407,42.6489048,114,0
2026-08-04T05:25:06Z,2026-08-04T05:37:05.802Z,1e00000990,141.6212049,42.6487487,119,0
2026-08-04T05:50:42Z,2026-08-04T06:40:06.026Z,1e00000990,141.622789,42.6475443,168,0
2026-08-04T05:51:10Z,2026-08-04T06:40:06.026Z,1e00000990,141.620103,42.6473694,103,0
2026-08-04T06:02:45Z,2026-08-04T06:40:06.026Z,1e00000990,141.6205159,42.6469944,80,0
2026-08-04T06:08:03Z,2026-08-04T06:40:06.026Z,1e00000990,141.6217823,42.6480328,136,0
2026-08-04T06:17:11Z,2026-08-04T06:40:06.026Z,1e00000990,141.6100357,42.6482397,178,0
2026-08-04T06:21:28Z,2026-08-04T06:40:06.026Z,1e00000990,141.6200112,42.6473148,94,0
2026-08-04T06:25:30Z,2026-08-04T06:40:06.026Z,1e00000990,141.6197823,42.6472416,151,0
2026-08-04T06:32:05Z,2026-08-04T07:36:06.284Z,1e00000990,141.66444,42.663326,112,0
2026-08-04T06:32:07Z,2026-08-04T07:36:06.284Z,1e00000990,141.6197292,42.6473028,43,0
2026-08-04T06:52:27Z,2026-08-04T07:36:06.284Z,1e00000990,141.6186279,42.6474536,155,0
2026-08-04T06:56:43Z,2026-08-04T07:36:06.284Z,1e00000990,141.6193801,42.6472697,48,0
2026-08-04T07:01:25Z,2026-08-04T07:36:06.284Z,1e00000990,141.615587,42.6456737,166,0
2026-08-04T07:05:47Z,2026-08-04T07:36:06.284Z,1e00000990,141.6055843,42.6422435,164,0
2026-08-04T07:13:48Z,2026-08-04T07:36:06.284Z,1e00000990,141.6192244,42.6469406,32,0
2026-08-04T07:13:51Z,2026-08-04T07:36:06.284Z,1e00000990,141.6185515,42.6467539,144,0
2026-08-04T07:58:25Z,2026-08-04T08:27:05.037Z,1e00000990,141.6193986,42.6475841,29,0
2026-08-04T07:58:31Z,2026-08-04T08:27:05.037Z,1e00000990,141.6220151,42.6489369,82,0
2026-08-04T08:14:25Z,2026-08-04T08:27:05.037Z,1e00000990,141.620956,42.6480675,129,0
2026-08-04T08:15:23Z,2026-08-04T08:27:05.037Z,1e00000990,141.620327,42.6478239,24,0
2026-08-04T08:15:25Z,2026-08-04T08:27:05.037Z,1e00000990,141.620327,42.6478239,24,0
2026-08-04T08:15:27Z,2026-08-04T08:27:05.037Z,1e00000990,141.620327,42.6478239,24,0
2026-08-04T08:17:23Z,2026-08-04T08:27:05.037Z,1e00000990,141.6203229,42.6478241,26,0
2026-08-04T08:23:23Z,2026-08-04T08:27:05.037Z,1e00000990,141.6204049,42.647388,20,0
2026-08-04T08:34:43Z,2026-08-04T09:31:06.181Z,1e00000990,141.6244164,42.6480557,154,0
2026-08-04T08:39:49Z,2026-08-04T09:31:06.181Z,1e00000990,141.6227832,42.648143,149,0
2026-08-04T08:47:26Z,2026-08-04T09:31:06.181Z,1e00000990,141.6218605,42.6477942,42,0
2026-08-04T08:55:04Z,2026-08-04T09:31:06.181Z,1e00000990,141.6203971,42.6473623,45,0
2026-08-04T09:02:29Z,2026-08-04T09:31:06.181Z,1e00000990,141.6161756,42.6464898,176,0
2026-08-04T09:02:47Z,2026-08-04T09:31:06.181Z,1e00000990,141.6215208,42.647674,20,0
2026-08-04T09:03:26Z,2026-08-04T09:31:06.181Z,1e00000990,141.633727,42.6520615,166,0
2026-08-04T09:11:45Z,2026-08-04T09:31:06.181Z,1e00000990,141.6219178,42.6475266,44,0
2026-08-04T09:44:43Z,2026-08-04T10:16:05.587Z,1e00000990,141.6204784,42.6339832,141,0
2026-08-04T09:57:04Z,2026-08-04T10:16:05.587Z,1e00000990,141.62043,42.6339052,88,0
2026-08-04T09:57:29Z,2026-08-04T10:16:05.587Z,1e00000990,141.62043,42.6339052,171,0
2026-08-04T09:57:49Z,2026-08-04T10:16:05.587Z,1e00000990,141.62043,42.6339052,187,0
2026-08-04T10:03:43Z,2026-08-04T10:16:05.587Z,1e00000990,141.6203582,42.6334367,27,0
2026-08-04T10:07:11Z,2026-08-04T10:16:05.587Z,1e00000990,141.6203788,42.634026,122,0
2026-08-04T10:07:28Z,2026-08-04T10:16:05.587Z,1e00000990,141.6203788,42.634026,166,0
2026-08-04T10:07:50Z,2026-08-04T10:16:05.587Z,1e00000990,141.6203788,42.634026,186,0
2026-08-04T10:52:43Z,2026-08-04T20:02:05.799Z,1e00000990,141.6203746,42.6340085,59,0
2026-08-04T10:55:44Z,2026-08-04T20:02:05.799Z,1e00000990,141.6203766,42.6340079,59,0
2026-08-04T10:55:50Z,2026-08-04T20:59:05.951Z,1e00000990,141.6206403,42.6336343,40,0
2026-08-04T11:04:05Z,2026-08-04T20:59:05.951Z,1e00000990,141.6206741,42.6336065,31,0
2026-08-04T11:04:23Z,2026-08-04T20:59:05.951Z,1e00000990,141.6203393,42.6340353,75,0
2026-08-04T11:04:26Z,2026-08-04T20:59:05.951Z,1e00000990,141.6203393,42.6340353,79,0
2026-08-04T11:04:28Z,2026-08-04T20:59:05.951Z,1e00000990,141.6201093,42.633639,74,0
2026-08-04T20:10:25Z,2026-08-04T21:41:06.311Z,1e00000990,141.6204341,42.6443667,176,0
2026-08-04T20:12:58Z,2026-08-04T21:41:06.311Z,1e00000990,141.6182659,42.64122,166,0
2026-08-04T20:46:39Z,2026-08-04T21:41:06.311Z,1e00000990,141.6217099,42.6451663,156,0
2026-08-04T20:58:13Z,2026-08-04T21:41:06.311Z,1e00000990,141.6204528,42.6455388,141,0
2026-08-04T21:30:06Z,2026-08-04T21:41:06.311Z,1e00000990,141.6192963,42.6447787,118,0
2026-08-04T21:31:08Z,2026-08-04T21:41:06.311Z,1e00000990,141.619147,42.6444553,82,0
2026-08-04T21:31:11Z,2026-08-04T21:41:06.311Z,1e00000990,141.619147,42.6444553,82,0
2026-08-04T21:32:09Z,2026-08-04T21:41:06.311Z,1e00000990,141.6192221,42.6445931,91,0
2026-08-04T22:15:27Z,2026-08-04T22:43:34.744Z,1e00000990,141.6193458,42.6444143,104,0
2026-08-04T22:15:54Z,2026-08-04T22:43:34.744Z,1e00000990,141.6224385,42.6473504,78,0
2026-08-04T22:16:51Z,2026-08-04T22:43:34.744Z,1e00000990,141.6272913,42.648683,139,0
2026-08-04T22:17:34Z,2026-08-04T22:43:34.744Z,1e00000990,141.6233595,42.6472373,186,0
2026-08-04T22:18:11Z,2026-08-04T22:43:34.744Z,1e00000990,141.6272939,42.6486212,95,0
2026-08-04T22:18:31Z,2026-08-04T22:43:34.744Z,1e00000990,141.6274332,42.648757,180,0
2026-08-04T22:18:32Z,2026-08-04T22:43:34.744Z,1e00000990,141.6273069,42.6487486,86,0
2026-08-04T23:11:09Z,2026-08-04T23:37:04.686Z,1e00000990,141.618825,42.6484189,76,0
2026-08-04T23:13:32Z,2026-08-04T23:37:04.686Z,1e00000990,141.618825,42.6484189,78,0
2026-08-04T23:13:52Z,2026-08-04T23:37:04.686Z,1e00000990,141.618825,42.6484189,78,0
2026-08-04T23:14:09Z,2026-08-04T23:37:04.686Z,1e00000990,141.618825,42.6484189,78,0
2026-08-04T23:14:49Z,2026-08-04T23:37:04.686Z,1e00000990,141.618825,42.6484189,65,0
2026-08-04T23:15:33Z,2026-08-04T23:37:04.686Z,1e00000990,141.6190373,42.6485054,49,0
2026-08-04T23:17:54Z,2026-08-04T23:37:04.686Z,1e00000990,141.6190373,42.6485054,49,0
2026-08-04T23:24:39Z,2026-08-04T23:37:04.686Z,1e00000990,141.6181301,42.6482403,60,0
2026-08-05T00:04:07Z,2026-08-05T00:38:05.691Z,1e00000990,141.6182766,42.6481955,55,0
2026-08-05T00:08:53Z,2026-08-05T00:38:05.691Z,1e00000990,141.6185539,42.6481383,59,0
2026-08-05T00:12:30Z,2026-08-05T00:38:05.691Z,1e00000990,141.6199038,42.6482734,117,0
2026-08-05T00:16:15Z,2026-08-05T00:38:05.691Z,1e00000990,141.6190373,42.6485054,50,0
2026-08-05T00:18:07Z,2026-08-05T00:38:05.691Z,1e00000990,141.619063,42.6485611,32,0
2026-08-05T00:18:47Z,2026-08-05T01:34:09.07Z,1e00000990,141.6195846,42.6487647,80,0
2026-08-05T00:18:50Z,2026-08-05T01:34:09.07Z,1e00000990,141.6195846,42.6487647,72,0
2026-08-05T00:22:08Z,2026-08-05T01:34:09.07Z,1e00000990,141.6220748,42.647727,153,0
2026-08-05T00:22:46Z,2026-08-05T01:34:09.07Z,1e00000990,141.6203444,42.6468959,71,0
2026-08-05T00:45:51Z,2026-08-05T01:34:09.07Z,1e00000990,141.619473,42.6484733,95,0
2026-08-05T00:46:54Z,2026-08-05T01:34:09.07Z,1e00000990,141.6186506,42.6484053,106,0
2026-08-05T01:04:10Z,2026-08-05T01:34:09.07Z,1e00000990,141.6185799,42.6481467,37,0
2026-08-05T01:12:28Z,2026-08-05T01:34:09.07Z,1e00000990,141.6315832,42.6517766,192,0
2026-08-05T01:59:47Z,2026-08-05T02:26:05.575Z,1e00000990,141.6215198,42.6463658,84,0
2026-08-05T02:00:50Z,2026-08-05T02:26:05.575Z,1e00000990,141.6215444,42.6463334,82,0
2026-08-05T02:01:49Z,2026-08-05T02:26:05.575Z,1e00000990,141.6212135,42.646872,42,0
2026-08-05T02:01:52Z,2026-08-05T02:26:05.575Z,1e00000990,141.6212124,42.646872,57,0
2026-08-05T02:02:08Z,2026-08-05T02:26:05.575Z,1e00000990,141.6215199,42.6463655,71,0
2026-08-05T02:02:09Z,2026-08-05T02:26:05.575Z,1e00000990,141.6201594,42.6467661,98,0
2026-08-05T02:06:53Z,2026-08-05T02:26:05.575Z,1e00000990,141.6215198,42.6463658,74,0
2026-08-05T02:08:35Z,2026-08-05T02:26:05.575Z,1e00000990,141.6213183,42.6456571,19,0
2026-08-05T02:54:15Z,2026-08-05T03:18:05.222Z,1e00000990,141.6208971,42.6464953,98,0
2026-08-05T02:56:11Z,2026-08-05T04:11:05.728Z,1e00000990,141.621498,42.6463446,111,0
2026-08-05T02:56:34Z,2026-08-05T04:11:05.728Z,1e00000990,141.6215178,42.6463632,132,0
2026-08-05T02:57:31Z,2026-08-05T04:11:05.728Z,1e00000990,141.6215178,42.6463632,132,0
2026-08-05T02:57:34Z,2026-08-05T04:11:05.728Z,1e00000990,141.6215178,42.6463632,132,0
2026-08-05T02:58:14Z,2026-08-05T04:11:05.728Z,1e00000990,141.6209309,42.6464989,73,0
2026-08-05T02:59:27Z,2026-08-05T04:11:05.728Z,1e00000990,141.6203716,42.6468892,109,0
2026-08-05T03:00:27Z,2026-08-05T04:11:05.728Z,1e00000990,141.6204099,42.6468757,148,0
2026-08-05T03:46:12Z,2026-08-05T04:11:05.728Z,1e00000990,141.6193624,42.6474718,20,0
2026-08-05T04:12:33Z,2026-08-05T05:05:06.173Z,1e00000990,141.6193645,42.6472419,69,0
2026-08-05T04:12:34Z,2026-08-05T05:05:06.173Z,1e00000990,141.6188255,42.6470938,49,0
2026-08-05T04:23:12Z,2026-08-05T05:05:06.173Z,1e00000990,141.6202685,42.6468623,72,0
2026-08-05T04:23:32Z,2026-08-05T05:05:06.173Z,1e00000990,141.6202685,42.6468623,73,0
2026-08-05T04:49:51Z,2026-08-05T05:05:06.173Z,1e00000990,141.6199984,42.6474535,30,0
2026-08-05T04:49:52Z,2026-08-05T05:05:06.173Z,1e00000990,141.6196734,42.6475301,98,0
2026-08-05T04:49:53Z,2026-08-05T06:01:06.416Z,1e00000990,141.6169408,42.646319,155,0
2026-08-05T04:49:54Z,2026-08-05T06:01:06.416Z,1e00000990,141.619522,42.647278,126,0
2026-08-05T04:59:13Z,2026-08-05T06:01:06.416Z,1e00000990,141.6199794,42.6470111,121,0
2026-08-05T05:13:29Z,2026-08-05T06:01:06.416Z,1e00000990,141.6197446,42.6474207,82,0
2026-08-05T05:25:52Z,2026-08-05T06:51:05.718Z,1e00000990,141.6196272,42.647764,129,0
2026-08-05T05:36:52Z,2026-08-05T06:51:05.718Z,1e00000990,141.6203881,42.6471421,135,0
2026-08-05T05:47:07Z,2026-08-05T06:51:05.718Z,1e00000990,141.620426,42.6470892,98,0
2026-08-05T06:09:54Z,2026-08-05T06:51:05.718Z,1e00000990,141.6219314,42.6480042,99,0
2026-08-05T06:26:35Z,2026-08-05T06:51:05.718Z,1e00000990,141.6162939,42.6460419,144,0
2026-08-05T06:36:29Z,2026-08-05T06:51:05.718Z,1e00000990,141.624498,42.648521,201,0
2026-08-05T06:46:07Z,2026-08-05T06:51:05.718Z,1e00000990,141.6205192,42.6470117,60,0
2026-08-05T06:56:14Z,2026-08-05T07:47:16.053Z,1e00000990,141.6203506,42.646883,71,0
2026-08-05T07:07:16Z,2026-08-05T07:47:16.053Z,1e00000990,141.6202064,42.6472547,72,0
2026-08-05T07:09:09Z,2026-08-05T07:47:16.053Z,1e00000990,141.6199709,42.6473009,100,0
2026-08-05T07:09:27Z,2026-08-05T07:47:16.053Z,1e00000990,141.6174859,42.6463221,174,0
2026-08-05T07:24:10Z,2026-08-05T07:47:16.053Z,1e00000990,141.6202038,42.6473106,19,0
2026-08-05T07:27:11Z,2026-08-05T07:47:16.053Z,1e00000990,141.6199441,42.6477238,78,0
2026-08-05T07:28:13Z,2026-08-05T07:47:16.053Z,1e00000990,141.6199779,42.6472053,27,0
2026-08-05T07:29:34Z,2026-08-05T07:47:16.053Z,1e00000990,141.6180707,42.643759,35,0
2026-08-05T08:08:09Z,2026-08-05T08:47:05.655Z,1e00000990,141.6208675,42.6462196,81,0
2026-08-05T08:08:36Z,2026-08-05T08:47:05.655Z,1e00000990,141.6211836,42.6463823,86,0
2026-08-05T08:08:50Z,2026-08-05T08:47:05.655Z,1e00000990,141.6216841,42.6464489,120,0
2026-08-05T08:10:28Z,2026-08-05T08:47:05.655Z,1e00000990,141.6258371,42.6470059,166,0
2026-08-05T08:13:32Z,2026-08-05T08:47:05.655Z,1e00000990,141.6297133,42.6488604,79,0
2026-08-05T08:16:32Z,2026-08-05T08:47:05.655Z,1e00000990,141.6301758,42.6490865,142,0
2026-08-05T08:16:46Z,2026-08-05T09:38:05.239Z,1e00000990,141.6296408,42.6488601,82,0
2026-08-05T09:03:09Z,2026-08-05T18:28:05.726Z,1e00000990,141.6256026,42.646608,36,0
2026-08-05T09:12:55Z,2026-08-05T19:33:06.173Z,1e00000990,141.6255458,42.6461122,58,0
2026-08-05T09:13:09Z,2026-08-05T20:18:06.408Z,1e00000990,141.6255356,42.646105,35,0
2026-08-05T09:13:13Z,2026-08-06T00:45:06.064Z,1e00000990,141.625534,42.646104,65,0
2026-08-05T09:15:08Z,2026-08-06T00:45:06.064Z,1e00000990,141.6276272,42.6475027,64,0
2026-08-05T09:15:15Z,2026-08-06T01:37:05.776Z,1e00000990,141.6263528,42.6469884,101,0
2026-08-05T09:15:51Z,2026-08-06T01:37:05.776Z,1e00000990,141.6264672,42.6465207,19,0
2026-08-05T09:18:32Z,2026-08-06T01:37:05.776Z,1e00000990,141.6283655,42.6473246,131,0
2026-08-05T19:29:30Z,2026-08-06T02:38:06.627Z,1e00000990,141.6147769,42.6308377,144,0
2026-08-05T20:31:31Z,2026-08-06T02:38:06.627Z,1e00000990,141.6178918,42.6384328,81,0
2026-08-05T21:10:31Z,2026-08-06T03:15:05.612Z,1e00000990,141.6353789,42.6485914,213,0
2026-08-06T01:04:53Z,2026-08-06T03:15:05.612Z,1e00000990,141.6279562,42.6485014,144,0
2026-08-06T01:13:52Z,2026-08-06T03:15:05.612Z,1e00000990,141.6263663,42.6496821,34,0
2026-08-06T01:13:54Z,2026-08-06T03:49:07.114Z,1e00000990,141.6264294,42.6496673,36,0
2026-08-06T01:13:59Z,2026-08-06T03:49:07.114Z,1e00000990,141.628099,42.65017,34,0
2026-08-06T01:14:51Z,2026-08-06T03:49:07.114Z,1e00000990,141.5956539,42.6398878,114,0
2026-08-06T03:18:32Z,2026-08-06T03:49:07.114Z,1e00000990,141.6246941,42.6485483,131,0
2026-08-06T03:21:17Z,2026-08-06T03:49:07.114Z,1e00000990,141.6262083,42.6488813,28,0
2026-08-06T03:22:20Z,2026-08-06T03:49:07.114Z,1e00000990,141.6213911,42.6476784,183,0
2026-08-06T03:23:12Z,2026-08-06T03:49:07.114Z,1e00000990,141.6224351,42.6485425,139,0
2026-08-06T03:30:52Z,2026-08-06T04:21:05.969Z,1e00000990,141.6224351,42.6485425,75,0
2026-08-06T03:44:16Z,2026-08-06T04:21:05.969Z,1e00000990,141.6224351,42.6485425,64,0
2026-08-06T03:45:00Z,2026-08-06T04:21:05.969Z,1e00000990,141.6224351,42.6485425,58,0
2026-08-06T03:49:20Z,2026-08-06T04:21:05.969Z,1e00000990,141.6224351,42.6485425,74,0
2026-08-06T03:50:39Z,2026-08-06T04:21:05.969Z,1e00000990,141.6224351,42.6485425,74,0
2026-08-06T03:52:14Z,2026-08-06T04:21:05.969Z,1e00000990,141.6226037,42.6486623,59,0
2026-08-06T03:57:13Z,2026-08-06T04:21:05.969Z,1e00000990,141.6221023,42.6478807,42,0
2026-08-06T03:57:16Z,2026-08-06T04:21:05.969Z,1e00000990,141.6226514,42.6480329,45,0
2026-08-06T04:38:36Z,2026-08-06T05:19:08.996Z,1e00000990,141.6205384,42.6477901,80,0
2026-08-06T04:56:40Z,2026-08-06T05:19:08.996Z,1e00000990,141.6199817,42.6474557,50,0
2026-08-06T04:59:36Z,2026-08-06T05:19:08.996Z,1e00000990,141.6198639,42.6473967,25,0
2026-08-06T04:59:38Z,2026-08-06T06:02:05.442Z,1e00000990,141.6167608,42.6463911,145,0
2026-08-06T05:04:17Z,2026-08-06T06:02:05.442Z,1e00000990,141.6203774,42.6480508,120,0
2026-08-06T05:13:38Z,2026-08-06T06:02:05.442Z,1e00000990,141.6263799,42.6493113,192,0
2026-08-06T05:16:20Z,2026-08-06T06:02:05.442Z,1e00000990,141.6198521,42.6477835,76,0
2026-08-06T05:40:59Z,2026-08-06T06:02:05.442Z,1e00000990,141.6201895,42.6472776,19,0
2026-08-06T05:47:57Z,2026-08-06T06:02:05.442Z,1e00000990,141.6244742,42.648849,162,0
2026-08-06T05:48:16Z,2026-08-06T06:02:05.442Z,1e00000990,141.6229491,42.6487324,178,0
2026-08-06T05:55:52Z,2026-08-06T06:02:05.442Z,1e00000990,141.6154802,42.6455953,192,0
2026-08-06T06:27:35Z,2026-08-06T07:02:06.522Z,1e00000990,141.6198463,42.647658,76,0
2026-08-06T06:32:57Z,2026-08-06T07:02:06.522Z,1e00000990,141.6194712,42.6472348,127,0
2026-08-06T06:33:54Z,2026-08-06T07:02:06.522Z,1e00000990,141.6192102,42.6469707,48,0
2026-08-06T06:34:35Z,2026-08-06T07:02:06.522Z,1e00000990,141.6201486,42.646954,150,0
2026-08-06T06:41:17Z,2026-08-06T07:02:06.522Z,1e00000990,141.6195875,42.6470632,19,0
2026-08-06T06:44:56Z,2026-08-06T07:02:06.522Z,1e00000990,141.618894,42.6466693,90,0
2026-08-06T06:44:58Z,2026-08-06T07:02:06.522Z,1e00000990,141.6184334,42.6465256,154,0
2026-08-06T07:13:56Z,2026-08-06T08:05:06.811Z,1e00000990,141.6200317,42.6473041,77,0
2026-08-06T07:34:13Z,2026-08-06T08:05:06.811Z,1e00000990,141.6200895,42.6474024,42,0
2026-08-06T07:36:36Z,2026-08-06T08:05:06.811Z,1e00000990,141.6201497,42.6472484,114,0
2026-08-06T07:38:51Z,2026-08-06T08:05:06.811Z,1e00000990,141.6254855,42.6463776,150,0
2026-08-06T07:41:19Z,2026-08-06T08:05:06.811Z,1e00000990,141.6198542,42.647249,129,0
2026-08-06T07:49:00Z,2026-08-06T08:05:06.811Z,1e00000990,141.619853,42.6471921,107,0
2026-08-06T07:51:13Z,2026-08-06T08:05:06.811Z,1e00000990,141.619935,42.6471641,41,0
2026-08-06T07:55:16Z,2026-08-06T08:05:06.811Z,1e00000990,141.6200101,42.6472275,64,0
2026-08-06T08:04:38Z,2026-08-06T09:01:10.345Z,1e00000990,141.6224351,42.6485425,82,0
2026-08-06T08:06:35Z,2026-08-06T09:01:10.345Z,1e00000990,141.6303797,42.6480329,20,0
2026-08-06T08:14:56Z,2026-08-06T09:01:10.345Z,1e00000990,141.6248958,42.6484484,154,0
2026-08-06T08:33:20Z,2026-08-06T09:01:10.345Z,1e00000990,141.6283135,42.6489766,24,0
2026-08-06T08:33:58Z,2026-08-06T09:01:10.345Z,1e00000990,141.6287734,42.6489235,90,0
2026-08-06T08:40:25Z,2026-08-06T09:01:10.345Z,1e00000990,141.6069464,42.6403859,128,0
2026-08-06T08:41:16Z,2026-08-06T09:01:10.345Z,1e00000990,141.6284953,42.6489311,32,0
2026-08-06T08:43:16Z,2026-08-06T09:01:10.345Z,1e00000990,141.6287826,42.6486913,124,0
2026-08-06T09:26:01Z,2026-08-06T09:49:05.14Z,1e00000990,141.6190855,42.6406637,26,0
2026-08-06T09:26:14Z,2026-08-06T09:49:05.14Z,1e00000990,141.6188275,42.6409956,68,0
2026-08-06T09:27:34Z,2026-08-06T09:49:05.14Z,1e00000990,141.6185528,42.6411132,118,0
2026-08-06T09:27:37Z,2026-08-06T09:49:05.14Z,1e00000990,141.6185528,42.6411132,118,0
2026-08-06T09:28:00Z,2026-08-06T19:59:06.011Z,1e00000990,141.618571,42.64103,105,0
2026-08-06T09:28:16Z,2026-08-06T19:59:06.011Z,1e00000990,141.6186781,42.6408496,77,0
2026-08-06T09:28:20Z,2026-08-06T19:59:06.011Z,1e00000990,141.6193767,42.6417864,111,0
2026-08-06T09:28:21Z,2026-08-06T19:59:06.011Z,1e00000990,141.6187695,42.6410161,190,0
2026-08-06T09:28:53Z,2026-08-06T19:59:06.011Z,1e00000990,141.6191326,42.6376573,34,0
2026-08-06T09:52:54Z,2026-08-06T19:59:06.011Z,1e00000990,141.6186908,42.6306996,117,0
2026-08-06T09:53:21Z,2026-08-06T19:59:06.011Z,1e00000990,141.6186556,42.630658,139,0
2026-08-06T20:27:36Z,2026-08-06T21:03:05.45Z,1e00000990,141.6185723,42.6408493,23,0
2026-08-06T20:29:38Z,2026-08-06T21:03:05.45Z,1e00000990,141.6186099,42.6409763,50,0
2026-08-06T20:32:36Z,2026-08-06T21:03:05.45Z,1e00000990,141.6185986,42.6408911,77,0
2026-08-06T20:32:39Z,2026-08-06T22:06:06.116Z,1e00000990,141.6185986,42.6408912,80,0
2026-08-06T20:35:36Z,2026-08-06T22:06:06.116Z,1e00000990,141.6186022,42.640983,52,0
2026-08-06T20:36:37Z,2026-08-06T22:06:06.116Z,1e00000990,141.6186751,42.640916,51,0
2026-08-06T20:49:36Z,2026-08-06T22:44:04.854Z,1e00000990,141.6187509,42.6413161,45,0
2026-08-06T20:49:37Z,2026-08-06T22:44:04.854Z,1e00000990,141.618685,42.6408997,147,0
2026-08-06T21:42:37Z,2026-08-06T22:44:04.854Z,1e00000990,141.6217881,42.6482234,30,0
2026-08-06T21:44:36Z,2026-08-06T22:44:04.854Z,1e00000990,141.6188504,42.648353,33,0
2026-08-06T21:46:38Z,2026-08-06T22:44:04.854Z,1e00000990,141.6190757,42.6485362,73,0
2026-08-06T21:52:37Z,2026-08-06T22:44:04.854Z,1e00000990,141.6188487,42.6483503,31,0
2026-08-06T21:59:37Z,2026-08-06T22:44:04.854Z,1e00000990,141.6188255,42.6484687,54,0
2026-08-06T22:11:38Z,2026-08-06T23:40:07.022Z,1e00000990,141.6190147,42.6485899,65,0
2026-08-06T22:43:39Z,2026-08-06T23:40:07.022Z,1e00000990,141.6192213,42.6484415,169,0
2026-08-06T23:20:40Z,2026-08-06T23:40:07.022Z,1e00000990,141.6223215,42.6481725,94,0
2026-08-06T23:27:00Z,2026-08-06T23:40:07.022Z,1e00000990,141.6197017,42.6484574,96,0
2026-08-06T23:27:04Z,2026-08-06T23:40:07.022Z,1e00000990,141.6188188,42.6485481,96,0
2026-08-06T23:27:21Z,2026-08-06T23:40:07.022Z,1e00000990,141.6190959,42.6485399,82,0
2026-08-06T23:32:40Z,2026-08-07T00:34:06.02Z,1e00000990,141.6189557,42.6485798,206,0
2026-08-06T23:37:18Z,2026-08-07T00:34:06.02Z,1e00000990,141.61884,42.6485467,92,0
2026-08-06T23:39:19Z,2026-08-07T00:34:06.02Z,1e00000990,141.6187807,42.648479,74,0
2026-08-06T23:56:41Z,2026-08-07T00:34:06.02Z,1e00000990,141.6185481,42.6481421,56,0
2026-08-06T23:57:58Z,2026-08-07T00:34:06.02Z,1e00000990,141.6193587,42.6483281,102,0
2026-08-06T23:58:03Z,2026-08-07T00:34:06.02Z,1e00000990,141.6193587,42.6483281,102,0
2026-08-06T23:59:40Z,2026-08-07T00:34:06.02Z,1e00000990,141.6188081,42.6484527,37,0
2026-08-07T00:28:18Z,2026-08-07T00:34:06.02Z,1e00000990,141.619342,42.6484004,102,0
2026-08-07T00:51:15Z,2026-08-07T01:33:05.811Z,1e00000990,141.6188074,42.6484522,39,0
2026-08-07T00:51:43Z,2026-08-07T01:33:05.811Z,1e00000990,141.6189779,42.6484292,128,0
2026-08-07T00:52:23Z,2026-08-07T01:33:05.811Z,1e00000990,141.6192154,42.6484281,102,0
2026-08-07T00:54:37Z,2026-08-07T01:33:05.811Z,1e00000990,141.6193267,42.6484606,102,0
2026-08-07T00:57:22Z,2026-08-07T01:33:05.811Z,1e00000990,141.6201265,42.6485248,169,0
2026-08-07T01:10:59Z,2026-08-07T02:31:05.589Z,1e00000990,141.6209453,42.6477162,137,0
2026-08-07T01:13:18Z,2026-08-07T02:31:05.589Z,1e00000990,141.622043,42.6477986,172,0
2026-08-07T01:24:40Z,2026-08-07T02:31:05.589Z,1e00000990,141.6196131,42.6471022,21,0
2026-08-07T01:33:25Z,2026-08-07T02:31:05.589Z,1e00000990,141.6226431,42.6487377,175,0
2026-08-07T01:34:58Z,2026-08-07T03:32:06.309Z,1e00000990,141.619297,42.6484719,102,0
2026-08-07T01:59:02Z,2026-08-07T03:32:06.309Z,1e00000990,141.6193274,42.6484773,102,0
2026-08-07T02:00:25Z,2026-08-07T03:32:06.309Z,1e00000990,141.6190928,42.6485425,89,0
2026-08-07T02:03:39Z,2026-08-07T03:32:06.309Z,1e00000990,141.6188081,42.6484527,37,0
2026-08-07T02:06:57Z,2026-08-07T04:19:05.922Z,1e00000990,141.6185937,42.6481404,80,0
2026-08-07T02:19:13Z,2026-08-07T04:19:05.922Z,1e00000990,141.6176459,42.6442236,171,0
2026-08-07T02:42:05Z,2026-08-07T04:19:05.922Z,1e00000990,141.6221111,42.6481525,103,0
2026-08-07T02:58:40Z,2026-08-07T04:19:05.922Z,1e00000990,141.6189473,42.6469331,156,0
2026-08-07T03:07:42Z,2026-08-07T04:19:05.922Z,1e00000990,141.6200752,42.6472583,21,0
2026-08-07T03:33:19Z,2026-08-07T05:09:05.104Z,1e00000990,141.6215151,42.6480805,150,0
2026-08-07T03:39:18Z,2026-08-07T05:09:05.104Z,1e00000990,141.6215151,42.6480805,93,0
2026-08-07T03:58:01Z,2026-08-07T05:09:05.104Z,1e00000990,141.6203305,42.6477728,82,0
2026-08-07T04:04:41Z,2026-08-07T05:09:05.104Z,1e00000990,141.6199019,42.6481145,108,0
2026-08-07T04:11:37Z,2026-08-07T05:09:05.104Z,1e00000990,141.6187607,42.6484931,77,0
2026-08-07T04:14:39Z,2026-08-07T05:09:05.104Z,1e00000990,141.6192622,42.6484869,102,0
2026-08-07T04:17:39Z,2026-08-07T05:09:05.104Z,1e00000990,141.6192622,42.6484869,102,0
2026-08-07T04:25:45Z,2026-08-07T05:09:05.104Z,1e00000990,141.6192269,42.6484818,98,0
2026-08-07T05:21:25Z,2026-08-07T06:04:05.727Z,1e00000990,141.6215728,42.6463411,52,0
2026-08-07T05:22:37Z,2026-08-07T06:04:05.727Z,1e00000990,141.6209345,42.6464955,76,0
2026-08-07T05:23:46Z,2026-08-07T06:04:05.727Z,1e00000990,141.6215238,42.6463643,46,0
2026-08-07T05:24:24Z,2026-08-07T06:04:05.727Z,1e00000990,141.6215419,42.6463202,71,0
2026-08-07T05:24:25Z,2026-08-07T06:04:05.727Z,1e00000990,141.6215238,42.6463644,120,0
2026-08-07T05:34:41Z,2026-08-07T06:04:05.727Z,1e00000990,141.6200891,42.6475306,78,0
2026-08-07T05:38:59Z,2026-08-07T07:01:05.374Z,1e00000990,141.6199688,42.6474939,95,0
2026-08-07T05:44:45Z,2026-08-07T07:01:05.374Z,1e00000990,141.6182009,42.6466529,149,0
2026-08-07T05:54:39Z,2026-08-07T07:01:05.374Z,1e00000990,141.6197159,42.6476468,46,0
2026-08-07T05:57:38Z,2026-08-07T07:01:05.374Z,1e00000990,141.6225473,42.6479553,164,0
2026-08-07T06:33:06Z,2026-08-07T07:01:05.374Z,1e00000990,141.6219423,42.6482616,166,0
2026-08-07T06:38:26Z,2026-08-07T07:01:05.374Z,1e00000990,141.6201404,42.6472909,105,0
2026-08-07T06:41:26Z,2026-08-07T07:01:05.374Z,1e00000990,141.6192439,42.6474594,80,0
2026-08-07T06:47:01Z,2026-08-07T07:01:05.374Z,1e00000990,141.6191771,42.6472104,149,0
2026-08-07T07:33:44Z,2026-08-07T07:59:04.761Z,1e00000990,141.6190429,42.6470401,95,0
2026-08-07T07:34:02Z,2026-08-07T07:59:04.761Z,1e00000990,141.6189155,42.6467229,88,0
2026-08-07T07:37:01Z,2026-08-07T07:59:04.761Z,1e00000990,141.6194823,42.6470518,22,0
2026-08-07T07:37:05Z,2026-08-07T07:59:04.761Z,1e00000990,141.6189302,42.6468769,39,0
2026-08-07T07:37:21Z,2026-08-07T07:59:04.761Z,1e00000990,141.619198,42.6469432,24,0
2026-08-07T07:39:25Z,2026-08-07T07:59:04.761Z,1e00000990,141.6157052,42.6462592,165,0
2026-08-07T07:39:26Z,2026-08-07T07:59:04.761Z,1e00000990,141.6193784,42.6471257,70,0
2026-08-07T07:57:01Z,2026-08-07T07:59:04.761Z,1e00000990,141.6193043,42.6468321,157,0
2026-08-07T08:25:41Z,2026-08-07T08:57:06.301Z,1e00000990,141.6145938,42.6455845,110,0
2026-08-07T08:26:44Z,2026-08-07T08:57:06.301Z,1e00000990,141.618866,42.646739,68,0
2026-08-07T08:31:01Z,2026-08-07T08:57:06.301Z,1e00000990,141.6194439,42.6470163,31,0
2026-08-07T08:31:06Z,2026-08-07T08:57:06.301Z,1e00000990,141.6195044,42.6470361,39,0
2026-08-07T08:37:39Z,2026-08-07T08:57:06.301Z,1e00000990,141.6189093,42.6467244,84,0
2026-08-07T08:37:41Z,2026-08-07T08:57:06.301Z,1e00000990,141.6184936,42.646716,39,0
2026-08-07T08:38:25Z,2026-08-07T08:57:06.301Z,1e00000990,141.6217393,42.6478842,157,0
2026-08-07T09:08:40Z,2026-08-07T10:02:05.722Z,1e00000990,141.6190207,42.6446349,126,0
2026-08-07T09:14:38Z,2026-08-07T17:03:06.108Z,1e00000990,141.6208857,42.6443735,113,0
2026-08-07T09:14:39Z,2026-08-07T17:03:06.108Z,1e00000990,141.6197464,42.6440218,183,0
2026-08-07T09:14:41Z,2026-08-07T18:07:05.826Z,1e00000990,141.6201096,42.6438173,156,0
2026-08-07T09:16:38Z,2026-08-07T21:11:05.71Z,1e00000990,141.6188185,42.6412003,143,0
2026-08-07T09:16:48Z,2026-08-07T21:11:05.71Z,1e00000990,141.6444736,42.6528332,108,0
2026-08-07T09:17:36Z,2026-08-07T23:22:06.48Z,1e00000990,141.6197779,42.6419043,120,0
2026-08-07T12:53:42Z,2026-08-08T00:16:05.967Z,1e00000990,141.6162213,42.6304165,65,0
2026-08-07T16:11:43Z,2026-08-08T00:16:05.967Z,1e00000990,141.616132,42.630234,41,0
2026-08-07T16:36:40Z,2026-08-08T00:16:05.967Z,1e00000990,141.6161618,42.6302324,66,0
2026-08-07T16:52:43Z,2026-08-08T00:16:05.967Z,1e00000990,141.6161809,42.630418,70,0
2026-08-07T18:43:41Z,2026-08-08T00:16:05.967Z,1e00000990,141.6161894,42.6304453,93,0
2026-08-07T21:16:43Z,2026-08-08T00:16:05.967Z,1e00000990,141.6181977,42.6428465,57,0
2026-08-07T21:16:44Z,2026-08-08T00:16:05.967Z,1e00000990,141.6182159,42.6431943,57,0
2026-08-08T00:09:23Z,2026-08-08T00:16:05.967Z,1e00000990,141.6187818,42.6484125,60,0
2026-08-08T00:35:47Z,2026-08-08T01:21:07.017Z,1e00000990,141.6194812,42.6476753,47,0
2026-08-08T00:36:47Z,2026-08-08T01:21:07.017Z,1e00000990,141.6194117,42.6470586,19,0
2026-08-08T00:40:10Z,2026-08-08T01:21:07.017Z,1e00000990,141.6137589,42.6450815,182,0
2026-08-08T00:40:11Z,2026-08-08T01:21:07.017Z,1e00000990,141.6169004,42.6465405,126,0
2026-08-08T00:41:11Z,2026-08-08T01:21:07.017Z,1e00000990,141.6193028,42.6474872,110,0
2026-08-08T00:41:46Z,2026-08-08T01:21:07.017Z,1e00000990,141.6194968,42.6470866,24,0
2026-08-08T00:50:47Z,2026-08-08T02:28:05.84Z,1e00000990,141.6214099,42.6474328,141,0
2026-08-08T00:52:31Z,2026-08-08T02:28:05.84Z,1e00000990,141.6196557,42.6469371,103,0
2026-08-08T01:10:23Z,2026-08-08T02:28:05.84Z,1e00000990,141.6188451,42.6483688,56,0
2026-08-08T01:26:25Z,2026-08-08T02:28:05.84Z,1e00000990,141.6190866,42.6485558,68,0
2026-08-08T01:34:04Z,2026-08-08T02:28:05.84Z,1e00000990,141.6188312,42.6483739,44,0
2026-08-08T02:01:09Z,2026-08-08T02:28:05.84Z,1e00000990,141.6188099,42.6483585,62,0
2026-08-08T02:01:28Z,2026-08-08T02:28:05.84Z,1e00000990,141.6188353,42.6485585,66,0
2026-08-08T02:01:45Z,2026-08-08T03:33:05.963Z,1e00000990,141.6188353,42.6485585,66,0
2026-08-08T02:38:49Z,2026-08-08T03:33:05.963Z,1e00000990,141.6188555,42.648555,75,0
2026-08-08T02:41:04Z,2026-08-08T03:33:05.963Z,1e00000990,141.6181434,42.648421,129,0
2026-08-08T02:42:29Z,2026-08-08T03:33:05.963Z,1e00000990,141.6187622,42.6483614,47,0
2026-08-08T02:43:50Z,2026-08-08T03:33:05.963Z,1e00000990,141.6188436,42.6485546,54,0
2026-08-08T03:19:50Z,2026-08-08T03:33:05.963Z,1e00000990,141.6196057,42.6472659,30,0
2026-08-08T03:21:57Z,2026-08-08T03:33:05.963Z,1e00000990,141.6240238,42.6486998,176,0
2026-08-08T03:57:44Z,2026-08-08T04:34:05.61Z,1e00000990,141.621983,42.6484231,162,0
2026-08-08T04:00:43Z,2026-08-08T04:34:05.61Z,1e00000990,141.6197676,42.647642,81,0
2026-08-08T04:00:44Z,2026-08-08T04:34:05.61Z,1e00000990,141.6230763,42.6485823,144,0
2026-08-08T04:00:45Z,2026-08-08T04:34:05.61Z,1e00000990,141.6385876,42.6515512,204,0
2026-08-08T04:00:46Z,2026-08-08T04:34:05.61Z,1e00000990,141.6680001,42.6643496,109,0
2026-08-08T04:23:49Z,2026-08-08T04:34:05.61Z,1e00000990,141.6187142,42.6464746,153,0
2026-08-08T04:27:31Z,2026-08-08T05:36:06.622Z,1e00000990,141.6195702,42.6476566,78,0
2026-08-08T04:35:49Z,2026-08-08T05:36:06.622Z,1e00000990,141.6184827,42.6481241,76,0
2026-08-08T05:04:32Z,2026-08-08T05:36:06.622Z,1e00000990,141.6186242,42.6484047,63,0
2026-08-08T05:05:46Z,2026-08-08T05:36:06.622Z,1e00000990,141.6186439,42.6483299,81,0
2026-08-08T05:10:04Z,2026-08-08T05:36:06.622Z,1e00000990,141.6186448,42.6483298,88,0
2026-08-08T05:13:24Z,2026-08-08T05:36:06.622Z,1e00000990,141.618644,42.6483299,83,0
2026-08-08T05:20:52Z,2026-08-08T05:36:06.622Z,1e00000990,141.6037991,42.6416111,188,0
2026-08-08T05:39:11Z,2026-08-08T06:37:05.32Z,1e00000990,141.6198722,42.6473232,34,0
2026-08-08T05:43:31Z,2026-08-08T06:37:05.32Z,1e00000990,141.6197639,42.6471938,153,0
2026-08-08T06:01:12Z,2026-08-08T06:37:05.32Z,1e00000990,141.6197526,42.6471938,29,0
2026-08-08T06:09:24Z,2026-08-08T06:37:05.32Z,1e00000990,141.6027394,42.6387391,21,0
2026-08-08T06:09:47Z,2026-08-08T06:37:05.32Z,1e00000990,141.6202926,42.6472386,114,0
2026-08-08T06:09:49Z,2026-08-08T06:37:05.32Z,1e00000990,141.619742,42.6471197,88,0
2026-08-08T06:25:47Z,2026-08-08T06:37:05.32Z,1e00000990,141.618568,42.6480731,37,0
2026-08-08T06:29:44Z,2026-08-08T06:37:05.32Z,1e00000990,141.6191225,42.6486209,63,0
2026-08-08T06:30:46Z,2026-08-08T07:49:05.3Z,1e00000990,141.6185245,42.6480748,22,0
2026-08-08T06:31:08Z,2026-08-08T07:49:05.3Z,1e00000990,141.6185245,42.6480748,22,0
2026-08-08T06:32:05Z,2026-08-08T07:49:05.3Z,1e00000990,141.6185245,42.6480748,22,0
2026-08-08T07:07:46Z,2026-08-08T08:49:04.991Z,1e00000990,141.6191225,42.6486209,93,0
2026-08-08T07:10:45Z,2026-08-08T08:49:04.991Z,1e00000990,141.6186366,42.6481391,26,0
2026-08-08T07:11:45Z,2026-08-08T08:49:04.991Z,1e00000990,141.6186366,42.6481391,26,0
2026-08-08T07:14:08Z,2026-08-08T08:49:04.991Z,1e00000990,141.6191225,42.6486209,67,0
2026-08-08T08:02:47Z,2026-08-08T19:22:06.231Z,1e00000990,141.6188495,42.6484959,38,0
2026-08-08T08:21:46Z,2026-08-08T20:19:06.945Z,1e00000990,141.6189638,42.6484691,59,0
2026-08-08T08:47:10Z,2026-08-08T20:19:06.945Z,1e00000990,141.6186819,42.64837,63,0
2026-08-08T08:48:28Z,2026-08-08T20:19:06.945Z,1e00000990,141.6186819,42.64837,79,0
2026-08-08T08:49:47Z,2026-08-08T20:19:06.945Z,1e00000990,141.6172199,42.6441524,81,0
2026-08-08T08:50:51Z,2026-08-08T20:19:06.945Z,1e00000990,141.6210748,42.6338621,83,0
2026-08-08T08:51:05Z,2026-08-08T20:19:06.945Z,1e00000990,141.6210717,42.6338645,83,0
2026-08-08T08:51:11Z,2026-08-08T20:19:06.945Z,1e00000990,141.6210629,42.6338714,82,0
2026-08-08T20:13:09Z,2026-08-08T20:19:06.945Z,1e00000990,141.6194107,42.647612,29,0
2026-08-08T20:48:49Z,2026-08-08T21:29:05.849Z,1e00000990,141.6190735,42.648541,86,0
2026-08-08T20:49:48Z,2026-08-08T21:29:05.849Z,1e00000990,141.6190735,42.648541,86,0
2026-08-08T20:50:51Z,2026-08-08T22:25:06.074Z,1e00000990,141.6190735,42.648541,86,0
2026-08-08T20:52:49Z,2026-08-08T22:25:06.074Z,1e00000990,141.6190748,42.6485394,76,0
2026-08-08T20:52:50Z,2026-08-08T22:25:06.074Z,1e00000990,141.6187383,42.6484094,59,0
2026-08-08T20:58:50Z,2026-08-08T22:25:06.074Z,1e00000990,141.618808,42.6484502,39,0
2026-08-08T21:08:48Z,2026-08-08T22:25:06.074Z,1e00000990,141.6215225,42.6480811,80,0
2026-08-08T21:13:48Z,2026-08-08T23:23:06.476Z,1e00000990,141.6226532,42.6486014,64,0
2026-08-08T21:43:51Z,2026-08-08T23:23:06.476Z,1e00000990,141.6185571,42.6481468,41,0
2026-08-08T22:01:50Z,2026-08-08T23:23:06.476Z,1e00000990,141.6188065,42.6484519,38,0
2026-08-08T22:18:51Z,2026-08-08T23:23:06.476Z,1e00000990,141.6185944,42.6481343,65,0
2026-08-08T22:33:50Z,2026-08-08T23:23:06.476Z,1e00000990,141.6190484,42.648485,47,0
2026-08-08T22:41:50Z,2026-08-09T00:23:05.277Z,1e00000990,141.6188984,42.6467018,49,0
2026-08-08T22:54:49Z,2026-08-09T01:25:05.451Z,1e00000990,141.6187485,42.6467976,58,0
2026-08-08T23:00:51Z,2026-08-09T02:29:05.938Z,1e00000990,141.618808,42.648453,39,0
2026-08-08T23:02:49Z,2026-08-09T02:29:05.938Z,1e00000990,141.618808,42.648453,40,0
2026-08-08T23:20:50Z,2026-08-09T02:29:05.938Z,1e00000990,141.6188078,42.648453,40,0
2026-08-09T00:05:50Z,2026-08-09T02:29:05.938Z,1e00000990,141.6190484,42.648485,48,0
2026-08-09T00:06:49Z,2026-08-09T02:29:05.938Z,1e00000990,141.6185996,42.6481279,64,0
2026-08-09T00:12:51Z,2026-08-09T02:29:05.938Z,1e00000990,141.6188135,42.6484533,46,0
2026-08-09T00:15:51Z,2026-08-09T02:29:05.938Z,1e00000990,141.6185627,42.6482749,46,0
2026-08-09T02:11:50Z,2026-08-09T03:33:05.23Z,1e00000990,141.6208471,42.647575,154,0
2026-08-09T02:12:51Z,2026-08-09T03:33:05.23Z,1e00000990,141.6209685,42.6477452,154,0
2026-08-09T02:23:51Z,2026-08-09T03:33:05.23Z,1e00000990,141.6187798,42.6484795,78,0
2026-08-09T02:33:51Z,2026-08-09T04:41:05.125Z,1e00000990,141.6186699,42.6482117,19,0
2026-08-09T02:34:51Z,2026-08-09T04:41:05.125Z,1e00000990,141.6186694,42.6482112,19,0
2026-08-09T02:42:51Z,2026-08-09T04:41:05.125Z,1e00000990,141.6186426,42.6481688,21,0
2026-08-09T03:13:53Z,2026-08-09T04:41:05.125Z,1e00000990,141.6187799,42.6484794,69,0
2026-08-09T03:31:13Z,2026-08-09T04:41:05.125Z,1e00000990,141.6181769,42.6482694,102,0
2026-08-09T03:33:51Z,2026-08-09T05:44:05.625Z,1e00000990,141.6186015,42.6481355,80,0
2026-08-09T03:51:10Z,2026-08-09T05:44:05.625Z,1e00000990,141.6215566,42.6476958,60,0
2026-08-09T04:35:50Z,2026-08-09T05:44:05.625Z,1e00000990,141.6204014,42.6473205,22,0
2026-08-09T04:47:38Z,2026-08-09T05:44:05.625Z,1e00000990,141.6207228,42.6474754,19,0
2026-08-09T04:49:14Z,2026-08-09T05:44:05.625Z,1e00000990,141.6245038,42.6485239,166,0
2026-08-09T04:49:15Z,2026-08-09T05:44:05.625Z,1e00000990,141.6205082,42.6473666,26,0
2026-08-09T05:37:52Z,2026-08-09T06:49:06.236Z,1e00000990,141.619799,42.6475235,116,0
2026-08-09T05:43:10Z,2026-08-09T06:49:06.236Z,1e00000990,141.6199367,42.6479628,95,0
2026-08-09T06:41:52Z,2026-08-09T07:53:06.002Z,1e00000990,141.6205385,42.6477916,77,0
2026-08-09T06:43:52Z,2026-08-09T07:53:06.002Z,1e00000990,141.6205385,42.6477917,74,0
2026-08-09T06:48:35Z,2026-08-09T07:53:06.002Z,1e00000990,141.6203899,42.6473046,93,0
2026-08-09T06:50:35Z,2026-08-09T07:53:06.002Z,1e00000990,141.6203951,42.6472609,110,0
2026-08-09T06:53:54Z,2026-08-09T07:53:06.002Z,1e00000990,141.6205386,42.6477913,76,0
2026-08-09T07:07:54Z,2026-08-09T08:58:06.076Z,1e00000990,141.6192508,42.6474999,44,0
2026-08-09T07:14:13Z,2026-08-09T08:58:06.076Z,1e00000990,141.616175,42.644269,24,0
2026-08-09T07:30:54Z,2026-08-09T08:58:06.076Z,1e00000990,141.6190358,42.6467469,94,0
2026-08-09T07:34:51Z,2026-08-09T08:58:06.076Z,1e00000990,141.619241,42.6470197,114,0
2026-08-09T07:36:54Z,2026-08-09T08:58:06.076Z,1e00000990,141.6190358,42.6467469,64,0
2026-08-09T08:13:52Z,2026-08-09T08:58:06.076Z,1e00000990,141.6190358,42.6467469,92,0
2026-08-09T08:16:52Z,2026-08-09T08:58:06.076Z,1e00000990,141.618978,42.6467189,102,0
2026-08-09T08:23:54Z,2026-08-09T08:58:06.076Z,1e00000990,141.6186381,42.6467324,63,0
2026-08-09T08:48:36Z,2026-08-09T13:50:05.208Z,1e00000990,141.6189056,42.6467265,62,0
2026-08-09T09:00:51Z,2026-08-09T13:50:05.208Z,1e00000990,141.6252723,42.647789,93,0
2026-08-09T09:00:52Z,2026-08-09T20:46:06.24Z,1e00000990,141.6256752,42.6468251,157,0
2026-08-09T09:01:23Z,2026-08-09T20:46:06.24Z,1e00000990,141.6149873,42.6454794,157,0
2026-08-09T09:04:12Z,2026-08-09T20:46:06.24Z,1e00000990,141.6221411,42.6476904,29,0
2026-08-09T09:08:56Z,2026-08-09T20:46:06.24Z,1e00000990,141.6221248,42.6477487,103,0
2026-08-09T09:10:19Z,2026-08-09T20:46:06.24Z,1e00000990,141.6263463,42.6464661,72,0
2026-08-09T09:10:39Z,2026-08-09T20:46:06.24Z,1e00000990,141.6212616,42.6457137,124,0
2026-08-09T09:10:55Z,2026-08-09T20:46:06.24Z,1e00000990,141.6191836,42.6440174,171,0
2026-08-09T20:27:57Z,2026-08-09T20:46:06.24Z,1e00000990,141.6201164,42.6427294,123,0
2026-08-09T21:15:16Z,2026-08-09T21:47:06.197Z,1e00000990,141.6092813,42.6450908,61,0
2026-08-09T21:15:57Z,2026-08-09T21:47:06.197Z,1e00000990,141.6092793,42.6450551,105,0
2026-08-09T21:16:54Z,2026-08-09T21:47:06.197Z,1e00000990,141.6096305,42.6446411,101,0
2026-08-09T21:17:56Z,2026-08-09T21:47:06.197Z,1e00000990,141.6096304,42.6446411,82,0
2026-08-09T21:22:58Z,2026-08-09T21:47:06.197Z,1e00000990,141.6093993,42.6450311,60,0
2026-08-09T21:28:21Z,2026-08-09T21:47:06.197Z,1e00000990,141.6098723,42.6445094,47,0
2026-08-09T21:35:54Z,2026-08-09T21:47:06.197Z,1e00000990,141.6096859,42.6443322,65,0
2026-08-09T21:36:56Z,2026-08-09T21:47:06.197Z,1e00000990,141.6097685,42.6443463,64,0
2026-08-09T22:02:01Z,2026-08-09T22:54:06.17Z,1e00000990,141.6060956,42.6423142,197,0
2026-08-09T22:02:35Z,2026-08-09T22:54:06.17Z,1e00000990,141.6099625,42.6438519,25,0
2026-08-09T22:10:36Z,2026-08-09T22:54:06.17Z,1e00000990,141.6097685,42.6443463,80,0
2026-08-09T22:15:39Z,2026-08-09T23:57:04.832Z,1e00000990,141.6096163,42.6441929,30,0
2026-08-09T22:15:56Z,2026-08-09T23:57:04.832Z,1e00000990,141.6098805,42.6442646,42,0
2026-08-09T22:16:42Z,2026-08-09T23:57:04.832Z,1e00000990,141.6106174,42.6440119,91,0
2026-08-09T22:20:35Z,2026-08-10T01:05:05.411Z,1e00000990,141.6098157,42.6443455,94,0
2026-08-09T22:26:37Z,2026-08-10T03:06:05.822Z,1e00000990,141.615433,42.645348,201,0
2026-08-09T22:31:38Z,2026-08-10T03:06:05.822Z,1e00000990,141.6122583,42.6449839,173,0
2026-08-09T22:35:55Z,2026-08-10T03:06:05.822Z,1e00000990,141.5771603,42.6251046,255,0
2026-08-09T22:51:57Z,2026-08-10T03:06:05.822Z,1e00000990,141.609893,42.6444814,64,0
2026-08-09T22:55:56Z,2026-08-10T04:03:05.825Z,1e00000990,141.609886,42.6445218,66,0
2026-08-10T00:28:58Z,2026-08-10T04:03:05.825Z,1e00000990,141.610524,42.6439765,33,0
2026-08-10T00:37:58Z,2026-08-10T04:03:05.825Z,1e00000990,141.610524,42.6439765,32,0
2026-08-10T01:13:55Z,2026-08-10T05:08:06.222Z,1e00000990,141.6145468,42.6454568,114,0
2026-08-10T02:26:56Z,2026-08-10T05:08:06.222Z,1e00000990,141.6074708,42.6435496,142,0
2026-08-10T03:25:58Z,2026-08-10T05:08:06.222Z,1e00000990,141.6088803,42.6440261,163,0
2026-08-10T03:26:58Z,2026-08-10T05:08:06.222Z,1e00000990,141.6099848,42.6444492,71,0
2026-08-10T03:39:59Z,2026-08-10T06:08:06.368Z,1e00000990,141.6095562,42.6442231,25,0
2026-08-10T04:15:56Z,2026-08-10T07:13:05.323Z,1e00000990,141.6104281,42.6439428,74,0
2026-08-10T04:39:59Z,2026-08-10T08:16:05.338Z,1e00000990,141.6098233,42.6437681,81,0
2026-08-10T04:40:56Z,2026-08-10T08:16:05.338Z,1e00000990,141.6103994,42.6438934,84,0
2026-08-10T04:49:58Z,2026-08-10T08:16:05.338Z,1e00000990,141.6099928,42.6435437,108,0
2026-08-10T05:09:58Z,2026-08-10T08:16:05.338Z,1e00000990,141.6032675,42.642041,163,0
2026-08-10T05:09:59Z,2026-08-10T08:16:05.338Z,1e00000990,141.6144899,42.6455815,178,0
2026-08-10T05:11:56Z,2026-08-10T08:16:05.338Z,1e00000990,141.6094264,42.6441233,62,0
2026-08-10T06:09:59Z,2026-08-10T08:16:05.338Z,1e00000990,141.6093567,42.644216,165,0
2026-08-10T08:04:42Z,2026-08-10T08:16:05.338Z,1e00000990,141.6277,42.6485255,47,0
2026-08-10T08:37:05Z,2026-08-10T09:19:05.67Z,1e00000990,141.626034,42.6495729,151,0
2026-08-10T08:40:58Z,2026-08-10T09:19:05.67Z,1e00000990,141.6350741,42.6528375,187,0
2026-08-10T08:40:59Z,2026-08-10T09:19:05.67Z,1e00000990,141.6299802,42.6509469,139,0
2026-08-10T08:48:21Z,2026-08-10T09:19:05.67Z,1e00000990,141.6293487,42.6486387,70,0
2026-08-10T08:48:57Z,2026-08-10T09:19:05.67Z,1e00000990,141.629595,42.6491892,109,0
2026-08-10T09:10:19Z,2026-08-10T09:19:05.67Z,1e00000990,141.626627,42.6465616,22,0
2026-08-10T09:10:45Z,2026-08-10T10:23:05.674Z,1e00000990,141.6260569,42.6466972,149,0
2026-08-10T09:11:57Z,2026-08-10T20:37:05.727Z,1e00000990,141.6265021,42.6469565,65,0
2026-08-10T09:12:20Z,2026-08-10T20:37:05.727Z,1e00000990,141.6264519,42.6465328,85,0
2026-08-10T09:13:26Z,2026-08-10T20:37:05.727Z,1e00000990,141.6233153,42.6436652,128,0
2026-08-10T09:13:44Z,2026-08-10T20:37:05.727Z,1e00000990,141.6228196,42.6433051,158,0
2026-08-10T09:13:46Z,2026-08-10T20:37:05.727Z,1e00000990,141.6227268,42.6431656,131,0
2026-08-10T09:14:05Z,2026-08-10T20:37:05.727Z,1e00000990,141.6215768,42.6432667,106,0
2026-08-10T09:19:44Z,2026-08-10T20:37:05.727Z,1e00000990,141.6208812,42.6375301,134,0
2026-08-10T10:49:42Z,2026-08-10T20:37:05.727Z,1e00000990,141.6204701,42.6339258,170,0
2026-08-10T20:38:02Z,2026-08-10T21:34:06.462Z,1e00000990,141.6237404,42.6439749,116,0
2026-08-10T20:55:03Z,2026-08-10T21:34:06.462Z,1e00000990,141.632321,42.6487433,31,0
2026-08-10T21:19:27Z,2026-08-10T21:34:06.462Z,1e00000990,141.6629219,42.6649621,90,0
2026-08-10T21:19:46Z,2026-08-10T21:34:06.462Z,1e00000990,141.6621213,42.6650938,19,0
2026-08-10T21:21:43Z,2026-08-10T21:34:06.462Z,1e00000990,141.6612076,42.6658907,60,0
2026-08-10T21:24:00Z,2026-08-10T21:34:06.462Z,1e00000990,141.6617457,42.6647862,116,0
2026-08-10T21:26:44Z,2026-08-10T22:37:05.543Z,1e00000990,141.6621342,42.6651586,51,0
2026-08-10T21:27:49Z,2026-08-10T22:37:05.543Z,1e00000990,141.6612076,42.6658907,50,0
2026-08-10T21:47:29Z,2026-08-10T22:37:05.543Z,1e00000990,141.6618408,42.6669912,66,0
2026-08-10T21:48:43Z,2026-08-10T22:37:05.543Z,1e00000990,141.6618408,42.6669912,67,0
2026-08-10T21:49:43Z,2026-08-10T22:37:05.543Z,1e00000990,141.6618408,42.6669912,83,0
2026-08-10T21:57:51Z,2026-08-10T22:37:05.543Z,1e00000990,141.6611119,42.6658631,42,0
2026-08-10T22:04:03Z,2026-08-10T22:37:05.543Z,1e00000990,141.6618238,42.6669965,66,0
2026-08-10T22:27:10Z,2026-08-10T22:37:05.543Z,1e00000990,141.6606501,42.6669395,83,0
2026-08-10T22:42:29Z,2026-08-10T23:38:05.36Z,1e00000990,141.6611336,42.6661151,75,0
2026-08-10T22:44:07Z,2026-08-10T23:38:05.36Z,1e00000990,141.6609726,42.6659402,33,0
2026-08-10T22:44:28Z,2026-08-10T23:38:05.36Z,1e00000990,141.6601719,42.6667654,111,0
2026-08-10T22:46:28Z,2026-08-10T23:38:05.36Z,1e00000990,141.6604977,42.6666694,128,0
2026-08-10T22:47:03Z,2026-08-10T23:38:05.36Z,1e00000990,141.6606144,42.6668023,92,0
2026-08-10T22:47:06Z,2026-08-10T23:38:05.36Z,1e00000990,141.6606488,42.6667439,104,0
2026-08-10T23:01:04Z,2026-08-10T23:38:05.36Z,1e00000990,141.6104945,42.6439772,57,0
2026-08-10T23:34:55Z,2026-08-10T23:38:05.36Z,1e00000990,141.597462,42.6412421,104,0
2026-08-10T23:49:27Z,2026-08-11T00:36:06.224Z,1e00000990,141.6099752,42.6443658,86,0
2026-08-11T00:05:01Z,2026-08-11T00:36:06.224Z,1e00000990,141.6081387,42.6434638,157,0
2026-08-11T00:05:04Z,2026-08-11T00:36:06.224Z,1e00000990,141.6081414,42.6437354,125,0
2026-08-11T00:05:08Z,2026-08-11T00:36:06.224Z,1e00000990,141.6097924,42.6442625,36,0
2026-08-11T00:11:47Z,2026-08-11T01:43:05.566Z,1e00000990,141.6096878,42.644215,34,0
2026-08-11T00:12:02Z,2026-08-11T01:43:05.566Z,1e00000990,141.6096964,42.6442918,37,0
2026-08-11T00:13:05Z,2026-08-11T01:43:05.566Z,1e00000990,141.6097685,42.6443463,69,0
2026-08-11T00:23:47Z,2026-08-11T01:43:05.566Z,1e00000990,141.6098592,42.6443675,122,0
2026-08-11T00:32:08Z,2026-08-11T01:43:05.566Z,1e00000990,141.6096673,42.6442034,19,0
2026-08-11T00:36:08Z,2026-08-11T02:51:13.174Z,1e00000990,141.6096876,42.6443338,76,0
2026-08-11T00:52:02Z,2026-08-11T02:51:13.174Z,1e00000990,141.6105792,42.6445848,92,0
2026-08-11T01:13:48Z,2026-08-11T02:51:13.174Z,1e00000990,141.6096876,42.6443338,53,0
2026-08-11T01:14:02Z,2026-08-11T03:54:09.692Z,1e00000990,141.6099621,42.6444989,41,0
2026-08-11T01:14:05Z,2026-08-11T03:54:09.692Z,1e00000990,141.6096876,42.6443338,53,0
2026-08-11T01:14:06Z,2026-08-11T03:54:09.692Z,1e00000990,141.6099621,42.6444989,41,0
2026-08-11T01:43:01Z,2026-08-11T03:54:09.692Z,1e00000990,141.6095227,42.6443605,90,0
2026-08-11T02:30:05Z,2026-08-11T05:53:09.972Z,1e00000990,141.6094504,42.644236,36,0
2026-08-11T02:31:02Z,2026-08-11T06:59:05.895Z,1e00000990,141.6095248,42.6442404,68,0
2026-08-11T02:51:03Z,2026-08-11T06:59:05.895Z,1e00000990,141.6093852,42.643824,151,0
2026-08-11T02:51:05Z,2026-08-11T06:59:05.895Z,1e00000990,141.6096027,42.6443232,63,0
2026-08-11T02:54:05Z,2026-08-11T06:59:05.895Z,1e00000990,141.6010153,42.641294,120,0
2026-08-11T03:44:03Z,2026-08-11T08:07:05.814Z,1e00000990,141.6117222,42.6450891,74,0
2026-08-11T03:52:03Z,2026-08-11T08:07:05.814Z,1e00000990,141.6117223,42.6450891,66,0
2026-08-11T06:05:23Z,2026-08-11T08:07:05.814Z,1e00000990,141.6266034,42.6489543,44,0
2026-08-11T06:54:03Z,2026-08-11T08:07:05.814Z,1e00000990,141.6117225,42.6450891,70,0
2026-08-11T06:57:06Z,2026-08-11T08:07:05.814Z,1e00000990,141.6112238,42.64431,29,0
2026-08-11T07:12:03Z,2026-08-11T09:09:06.411Z,1e00000990,141.6122998,42.6447612,135,0
2026-08-11T07:39:04Z,2026-08-11T21:38:06.352Z,1e00000990,141.6072969,42.6432708,136,0
2026-08-11T07:41:43Z,2026-08-11T21:38:06.352Z,1e00000990,141.629138,42.6478012,175,0
2026-08-11T07:56:04Z,2026-08-11T22:41:05.224Z,1e00000990,141.611435,42.6443178,29,0
2026-08-11T08:13:03Z,2026-08-11T22:41:05.224Z,1e00000990,141.6116203,42.6443485,39,0
2026-08-11T08:14:03Z,2026-08-11T22:41:05.224Z,1e00000990,141.6113569,42.6442698,37,0
2026-08-11T08:24:03Z,2026-08-11T22:41:05.224Z,1e00000990,141.6118695,42.6443795,82,0
2026-08-11T08:28:06Z,2026-08-11T22:41:05.224Z,1e00000990,141.6108406,42.6440959,123,0
2026-08-11T09:17:05Z,2026-08-11T22:41:05.224Z,1e00000990,141.6118937,42.6443856,53,0
2026-08-11T21:52:09Z,2026-08-11T22:41:05.224Z,1e00000990,141.6264901,42.6488521,140,0
2026-08-11T22:12:09Z,2026-08-11T22:41:05.224Z,1e00000990,141.6273129,42.6490465,19,0
2026-08-11T22:58:33Z,2026-08-11T23:39:05.77Z,1e00000990,141.6273539,42.6480178,194,0
2026-08-11T23:03:14Z,2026-08-11T23:39:05.77Z,1e00000990,141.6257898,42.6487912,20,0
2026-08-11T23:10:32Z,2026-08-11T23:39:05.77Z,1e00000990,141.6276189,42.6488307,163,0
2026-08-11T23:10:35Z,2026-08-11T23:39:05.77Z,1e00000990,141.6276189,42.6488307,175,0
2026-08-11T23:16:32Z,2026-08-11T23:39:05.77Z,1e00000990,141.626233,42.6487898,19,0
2026-08-11T23:18:10Z,2026-08-11T23:39:05.77Z,1e00000990,141.6256666,42.6488282,39,0
2026-08-11T23:29:10Z,2026-08-11T23:39:05.77Z,1e00000990,141.6186116,42.6481254,74,0
2026-08-11T23:38:32Z,2026-08-11T23:39:05.77Z,1e00000990,141.6185806,42.6481809,176,0
2026-08-12T00:05:09Z,2026-08-12T00:38:05.766Z,1e00000990,141.6103911,42.6445919,62,0
2026-08-12T00:05:11Z,2026-08-12T00:38:05.766Z,1e00000990,141.6103913,42.6445914,60,0
2026-08-12T00:08:04Z,2026-08-12T00:38:05.766Z,1e00000990,141.6099752,42.641454,169,0
2026-08-12T00:11:49Z,2026-08-12T00:38:05.766Z,1e00000990,141.6096882,42.6443347,62,0
2026-08-12T00:17:55Z,2026-08-12T00:38:05.766Z,1e00000990,141.6096067,42.6443257,75,0
2026-08-12T00:21:14Z,2026-08-12T00:38:05.766Z,1e00000990,141.6106767,42.6442446,107,0
2026-08-12T00:27:54Z,2026-08-12T01:23:04.969Z,1e00000990,141.6096141,42.6442786,59,0
2026-08-12T00:31:15Z,2026-08-12T01:23:04.969Z,1e00000990,141.6097686,42.6444772,88,0
2026-08-12T00:33:35Z,2026-08-12T01:23:04.969Z,1e00000990,141.6096125,42.6442918,70,0
2026-08-12T00:33:55Z,2026-08-12T01:23:04.969Z,1e00000990,141.6096115,42.6443003,66,0
2026-08-12T00:36:14Z,2026-08-12T01:23:04.969Z,1e00000990,141.6098577,42.6445795,65,0
2026-08-12T00:45:34Z,2026-08-12T02:19:06.042Z,1e00000990,141.6096694,42.6442684,46,0
2026-08-12T01:13:11Z,2026-08-12T02:19:06.042Z,1e00000990,141.6111355,42.6445805,144,0
2026-08-12T01:13:49Z,2026-08-12T02:19:06.042Z,1e00000990,141.6099033,42.6443062,46,0
2026-08-12T01:42:08Z,2026-08-12T02:19:06.042Z,1e00000990,141.6096128,42.6443468,74,0
2026-08-12T01:47:08Z,2026-08-12T02:19:06.042Z,1e00000990,141.6096106,42.644332,67,0
2026-08-12T01:48:08Z,2026-08-12T02:19:06.042Z,1e00000990,141.6096106,42.644332,67,0
2026-08-12T01:51:48Z,2026-08-12T02:19:06.042Z,1e00000990,141.6121664,42.6449515,161,0
2026-08-12T02:07:09Z,2026-08-12T02:19:06.042Z,1e00000990,141.6099534,42.644416,141,0
2026-08-12T02:25:51Z,2026-08-12T03:19:06.443Z,1e00000990,141.6090903,42.6439149,160,0
2026-08-12T02:36:30Z,2026-08-12T03:19:06.443Z,1e00000990,141.6105893,42.6438185,98,0
2026-08-12T02:40:12Z,2026-08-12T03:19:06.443Z,1e00000990,141.610527,42.6439762,129,0
2026-08-12T02:43:32Z,2026-08-12T03:19:06.443Z,1e00000990,141.6101667,42.6439289,25,0
2026-08-12T02:44:56Z,2026-08-12T03:19:06.443Z,1e00000990,141.6104928,42.6439794,74,0
2026-08-12T02:45:36Z,2026-08-12T04:09:05.451Z,1e00000990,141.6104928,42.6439794,68,0
2026-08-12T02:50:16Z,2026-08-12T04:09:05.451Z,1e00000990,141.610493,42.6439795,96,0
2026-08-12T03:03:28Z,2026-08-12T04:09:05.451Z,1e00000990,141.6094528,42.6444118,70,0
2026-08-12T03:07:57Z,2026-08-12T06:05:04.759Z,1e00000990,141.6054612,42.6426815,103,0
2026-08-12T03:10:08Z,2026-08-12T06:05:04.759Z,1e00000990,141.6094528,42.6444118,68,0
2026-08-12T03:25:08Z,2026-08-12T06:05:04.759Z,1e00000990,141.6094528,42.6444118,69,0
2026-08-12T03:25:11Z,2026-08-12T06:05:04.759Z,1e00000990,141.6094528,42.6444118,69,0
2026-08-12T03:34:14Z,2026-08-12T06:05:04.759Z,1e00000990,141.6091061,42.6440644,25,0
2026-08-12T04:09:09Z,2026-08-12T06:05:04.759Z,1e00000990,141.6097146,42.6442699,25,0
2026-08-12T04:14:11Z,2026-08-12T06:05:04.759Z,1e00000990,141.6096089,42.6443203,88,0
2026-08-12T04:21:11Z,2026-08-12T06:05:04.759Z,1e00000990,141.6096882,42.644335,64,0
2026-08-12T06:13:32Z,2026-08-12T07:09:05.623Z,1e00000990,141.6219127,42.6475286,44,0
2026-08-12T06:22:53Z,2026-08-12T07:09:05.623Z,1e00000990,141.6070996,42.6432309,176,0
2026-08-12T06:24:36Z,2026-08-12T07:09:05.623Z,1e00000990,141.6205679,42.6473848,38,0
2026-08-12T06:24:54Z,2026-08-12T07:09:05.623Z,1e00000990,141.6208731,42.6474717,39,0
2026-08-12T06:24:57Z,2026-08-12T08:16:05.254Z,1e00000990,141.6209259,42.6474821,39,0
2026-08-12T06:26:38Z,2026-08-12T08:16:05.254Z,1e00000990,141.6107566,42.6444645,132,0
2026-08-12T06:32:46Z,2026-08-12T08:16:05.254Z,1e00000990,141.6047521,42.6395006,163,0
2026-08-12T07:03:35Z,2026-08-12T08:16:05.254Z,1e00000990,141.6178306,42.6469177,177,0
2026-08-12T07:05:50Z,2026-08-12T08:16:05.254Z,1e00000990,141.620064,42.6479006,158,0
2026-08-12T07:07:17Z,2026-08-12T08:16:05.254Z,1e00000990,141.6203314,42.647322,37,0
2026-08-12T07:39:09Z,2026-08-12T10:21:05.605Z,1e00000990,141.6162895,42.6465701,148,0
2026-08-12T07:58:10Z,2026-08-12T12:19:05.767Z,1e00000990,141.6198595,42.6477989,60,0
2026-08-12T08:04:10Z,2026-08-12T12:19:05.767Z,1e00000990,141.6203935,42.6473537,111,0
2026-08-12T08:11:10Z,2026-08-12T12:19:05.767Z,1e00000990,141.6205885,42.6474064,104,0
2026-08-12T08:23:10Z,2026-08-12T21:00:05.479Z,1e00000990,141.6204516,42.6476283,117,0
2026-08-12T08:28:11Z,2026-08-12T21:00:05.479Z,1e00000990,141.6208834,42.6475132,134,0
2026-08-12T08:31:11Z,2026-08-12T21:00:05.479Z,1e00000990,141.6201249,42.6471977,100,0
2026-08-12T08:31:12Z,2026-08-12T22:07:05.24Z,1e00000990,141.6178527,42.6464781,155,0
2026-08-12T08:49:10Z,2026-08-12T22:07:05.24Z,1e00000990,141.6170436,42.6461446,128,0
2026-08-12T09:09:10Z,2026-08-12T23:11:05.686Z,1e00000990,141.6202903,42.642247,26,0
2026-08-12T09:09:13Z,2026-08-12T23:11:05.686Z,1e00000990,141.620285,42.6422533,28,0
2026-08-12T19:11:12Z,2026-08-12T23:11:05.686Z,1e00000990,141.6176113,42.6304615,139,0
2026-08-12T20:54:13Z,2026-08-12T23:11:05.686Z,1e00000990,141.6148091,42.6453403,74,0
2026-08-12T21:49:16Z,2026-08-12T23:11:05.686Z,1e00000990,141.6095471,42.6442312,115,0
2026-08-12T22:00:13Z,2026-08-13T00:17:05.416Z,1e00000990,141.6096267,42.6443023,39,0
2026-08-12T22:12:14Z,2026-08-13T02:24:04.842Z,1e00000990,141.6096888,42.6443313,66,0
2026-08-12T22:48:13Z,2026-08-13T03:23:06.022Z,1e00000990,141.6104958,42.643978,41,0
2026-08-12T23:11:17Z,2026-08-13T07:33:05.574Z,1e00000990,141.6100839,42.643951,65,0
2026-08-12T23:43:15Z,2026-08-13T07:33:05.574Z,1e00000990,141.610191,42.6443904,32,0
2026-08-13T00:39:16Z,2026-08-13T07:33:05.574Z,1e00000990,141.6060836,42.6429237,109,0
2026-08-13T02:42:15Z,2026-08-13T07:33:05.574Z,1e00000990,141.6096809,42.6442289,134,0
2026-08-13T02:48:17Z,2026-08-13T07:33:05.574Z,1e00000990,141.6097715,42.6444793,84,0
2026-08-13T04:45:08Z,2026-08-13T07:33:05.574Z,1e00000990,141.6033558,42.6419399,114,0
2026-08-13T05:16:16Z,2026-08-13T07:33:05.574Z,1e00000990,141.6095909,42.6442706,120,0
2026-08-13T05:20:15Z,2026-08-13T07:33:05.574Z,1e00000990,141.6105287,42.6439734,55,0
2026-08-13T07:34:16Z,2026-08-13T08:33:06.466Z,1e00000990,141.6265583,42.6470342,175,0
2026-08-13T07:34:17Z,2026-08-13T08:33:06.466Z,1e00000990,141.625447,42.6495984,169,0
2026-08-13T07:44:19Z,2026-08-13T08:33:06.466Z,1e00000990,141.6203646,42.6471744,58,0
2026-08-13T08:02:18Z,2026-08-13T08:33:06.466Z,1e00000990,141.6198842,42.6473891,109,0
2026-08-13T08:04:16Z,2026-08-14T00:33:05.239Z,1e00000990,141.6199682,42.6472717,126,0
2026-08-13T08:06:16Z,2026-08-14T00:33:05.239Z,1e00000990,141.6194762,42.6476882,81,0
2026-08-13T08:12:17Z,2026-08-14T00:33:05.239Z,1e00000990,141.6194795,42.647688,127,0
2026-08-13T08:43:17Z,2026-08-14T01:39:06.166Z,1e00000990,141.6177366,42.6453994,169,0
2026-08-13T08:44:17Z,2026-08-14T01:39:06.166Z,1e00000990,141.6182484,42.6471141,29,0
2026-08-13T08:46:18Z,2026-08-14T01:39:06.166Z,1e00000990,141.6188703,42.6443733,59,0
2026-08-13T08:49:17Z,2026-08-14T01:39:06.166Z,1e00000990,141.6186623,42.6409312,73,0
2026-08-14T00:32:23Z,2026-08-14T02:49:05.442Z,1e00000990,141.6096966,42.6442328,33,0
2026-08-14T00:42:23Z,2026-08-14T02:49:05.442Z,1e00000990,141.6097388,42.6442404,44,0
2026-08-14T00:59:23Z,2026-08-14T02:49:05.442Z,1e00000990,141.6092076,42.6440405,117,0
2026-08-14T01:06:24Z,2026-08-14T02:49:05.442Z,1e00000990,141.6097066,42.644314,137,0
2026-08-14T01:17:24Z,2026-08-14T02:49:05.442Z,1e00000990,141.6102054,42.6444401,120,0
2026-08-14T01:47:24Z,2026-08-14T03:58:07.204Z,1e00000990,141.6096022,42.6442069,25,0
2026-08-14T01:49:21Z,2026-08-14T03:58:07.204Z,1e00000990,141.6099319,42.6442646,46,0
2026-08-14T02:42:21Z,2026-08-14T03:58:07.204Z,1e00000990,141.611134,42.6444107,20,0
2026-08-14T02:42:23Z,2026-08-14T05:04:06.582Z,1e00000990,141.611538,42.6445091,162,0
2026-08-14T03:21:23Z,2026-08-14T05:04:06.582Z,1e00000990,141.6163226,42.6465242,136,0
2026-08-14T03:52:24Z,2026-08-14T05:04:06.582Z,1e00000990,141.620122,42.6473046,77,0
2026-08-14T03:58:23Z,2026-08-14T08:09:06.836Z,1e00000990,141.6205194,42.6475191,152,0
2026-08-14T04:03:22Z,2026-08-14T08:09:06.836Z,1e00000990,141.620059,42.6472519,53,0
2026-08-14T04:04:24Z,2026-08-14T08:09:06.836Z,1e00000990,141.6447887,42.6587828,221,0
2026-08-14T04:05:38Z,2026-08-14T08:09:06.836Z,1e00000990,141.5979681,42.6401176,43,0
2026-08-14T05:14:24Z,2026-08-14T09:10:05.875Z,1e00000990,141.6197005,42.6477781,62,0
2026-08-14T05:17:22Z,2026-08-14T20:40:06.512Z,1e00000990,141.6197005,42.6477781,60,0
2026-08-14T05:17:25Z,2026-08-14T20:40:06.512Z,1e00000990,141.6197005,42.6477781,60,0
2026-08-14T05:18:23Z,2026-08-14T21:46:05.503Z,1e00000990,141.6206642,42.6480249,28,0
2026-08-14T05:19:25Z,2026-08-14T21:46:05.503Z,1e00000990,141.6203627,42.6480174,70,0
2026-08-14T06:35:24Z,2026-08-14T21:46:05.503Z,1e00000990,141.6188057,42.6483691,59,0
2026-08-14T08:10:23Z,2026-08-14T21:46:05.503Z,1e00000990,141.6187811,42.6484683,81,0
2026-08-14T08:35:24Z,2026-08-14T22:48:05.361Z,1e00000990,141.6187788,42.6484667,82,0
2026-08-14T08:56:26Z,2026-08-14T22:48:05.361Z,1e00000990,141.6201437,42.6390608,164,0
2026-08-14T20:58:36Z,2026-08-14T22:48:05.361Z,1e00000990,141.6195181,42.6473983,71,0
2026-08-14T21:23:27Z,2026-08-14T23:45:05.714Z,1e00000990,141.6190439,42.6485102,66,0
2026-08-14T22:05:26Z,2026-08-14T23:45:05.714Z,1e00000990,141.6186243,42.648209,81,0
2026-08-14T22:09:27Z,2026-08-14T23:45:05.714Z,1e00000990,141.618825,42.6484595,64,0
2026-08-14T22:28:29Z,2026-08-14T23:45:05.714Z,1e00000990,141.618825,42.6484595,60,0
2026-08-14T22:29:29Z,2026-08-15T00:54:05.583Z,1e00000990,141.618825,42.6484595,60,0
2026-08-14T22:43:29Z,2026-08-15T01:58:05.809Z,1e00000990,141.6186056,42.648123,68,0
2026-08-14T22:46:27Z,2026-08-15T02:56:05.428Z,1e00000990,141.618825,42.6484595,58,0
2026-08-14T23:13:27Z,2026-08-15T02:56:05.428Z,1e00000990,141.6181636,42.6482545,69,0
2026-08-14T23:15:29Z,2026-08-15T02:56:05.428Z,1e00000990,141.6188766,42.6483338,71,0
2026-08-14T23:20:27Z,2026-08-15T03:55:05.294Z,1e00000990,141.618825,42.6484595,57,0
2026-08-15T00:08:28Z,2026-08-15T03:55:05.294Z,1e00000990,141.6187516,42.6483595,73,0
2026-08-15T00:08:29Z,2026-08-15T03:55:05.294Z,1e00000990,141.6187282,42.648376,64,0
2026-08-15T01:44:27Z,2026-08-15T03:55:05.294Z,1e00000990,141.6201828,42.647506,157,0
2026-08-15T03:16:29Z,2026-08-15T03:55:05.294Z,1e00000990,141.6227866,42.6477581,150,0
2026-08-15T03:16:31Z,2026-08-15T04:55:05.495Z,1e00000990,141.6227866,42.6477581,150,0
2026-08-15T04:01:30Z,2026-08-15T04:55:05.495Z,1e00000990,141.634551,42.6526412,196,0
2026-08-15T04:20:29Z,2026-08-15T04:55:05.495Z,1e00000990,141.6186107,42.6481251,67,0
2026-08-15T04:28:29Z,2026-08-15T04:55:05.495Z,1e00000990,141.6189874,42.6485078,71,0
2026-08-15T04:28:30Z,2026-08-15T07:06:05.826Z,1e00000990,141.6188044,42.6484252,27,0
2026-08-15T04:32:29Z,2026-08-15T08:17:05.564Z,1e00000990,141.6189864,42.648508,63,0
2026-08-15T04:34:29Z,2026-08-15T08:17:05.564Z,1e00000990,141.6189864,42.648508,64,0
2026-08-15T04:46:28Z,2026-08-15T08:17:05.564Z,1e00000990,141.6189855,42.6485081,58,0
2026-08-15T04:48:31Z,2026-08-15T08:17:05.564Z,1e00000990,141.6186103,42.6481249,58,0
2026-08-15T04:49:30Z,2026-08-15T08:17:05.564Z,1e00000990,141.6189828,42.6485085,90,0
2026-08-15T05:04:29Z,2026-08-15T20:50:06.016Z,1e00000990,141.6189816,42.6485085,72,0
2026-08-15T07:27:30Z,2026-08-15T20:50:06.016Z,1e00000990,141.6211512,42.6476733,102,0
2026-08-15T08:22:30Z,2026-08-15T20:50:06.016Z,1e00000990,141.6202039,42.647809,34,0
2026-08-15T08:30:12Z,2026-08-15T20:50:06.016Z,1e00000990,141.6188812,42.6467591,56,0
2026-08-15T08:30:16Z,2026-08-15T21:52:06.291Z,1e00000990,141.6188842,42.6467591,56,0
2026-08-15T08:30:17Z,2026-08-15T21:52:06.291Z,1e00000990,141.6194908,42.6476994,39,0
2026-08-15T08:33:31Z,2026-08-15T21:52:06.291Z,1e00000990,141.6189692,42.6466314,63,0
2026-08-15T20:27:10Z,2026-08-15T21:52:06.291Z,1e00000990,141.6194857,42.6475516,35,0
2026-08-15T20:34:34Z,2026-08-15T21:52:06.291Z,1e00000990,141.6187846,42.64835,59,0
2026-08-15T21:26:34Z,2026-08-15T21:52:06.291Z,1e00000990,141.6191578,42.6485323,47,0
2026-08-15T21:26:36Z,2026-08-15T21:52:06.291Z,1e00000990,141.6188341,42.6484062,47,0
2026-08-15T21:30:33Z,2026-08-15T21:52:06.291Z,1e00000990,141.6187287,42.6483668,31,0
2026-08-15T22:02:33Z,2026-08-15T23:03:06.217Z,1e00000990,141.6186084,42.6467415,36,0
2026-08-15T22:12:45Z,2026-08-16T00:05:05.508Z,1e00000990,141.6189334,42.6467193,51,0
2026-08-15T22:19:36Z,2026-08-16T00:05:05.508Z,1e00000990,141.6187838,42.6467961,43,0
2026-08-15T22:22:36Z,2026-08-16T00:05:05.508Z,1e00000990,141.6186068,42.6467382,34,0
2026-08-15T22:26:34Z,2026-08-16T00:05:05.508Z,1e00000990,141.6187489,42.6466598,66,0
2026-08-15T22:27:34Z,2026-08-16T00:05:05.508Z,1e00000990,141.6187489,42.6466598,67,0
2026-08-15T22:27:46Z,2026-08-16T00:05:05.508Z,1e00000990,141.6189119,42.6467461,52,0
2026-08-15T22:36:28Z,2026-08-16T00:05:05.508Z,1e00000990,141.6188957,42.6467531,45,0
2026-08-15T23:41:33Z,2026-08-16T01:02:07.336Z,1e00000990,141.6186083,42.6481244,75,0
2026-08-15T23:48:36Z,2026-08-16T01:02:07.336Z,1e00000990,141.6186083,42.6481244,77,0
2026-08-15T23:50:36Z,2026-08-16T02:01:06.371Z,1e00000990,141.6186083,42.6481244,143,0
2026-08-16T00:28:37Z,2026-08-16T02:01:06.371Z,1e00000990,141.6189442,42.6467156,83,0
2026-08-16T00:31:36Z,2026-08-16T02:56:06.792Z,1e00000990,141.6187838,42.6467964,58,0
2026-08-16T00:40:36Z,2026-08-16T02:56:06.792Z,1e00000990,141.6187838,42.6467961,80,0
2026-08-16T00:50:35Z,2026-08-16T02:56:06.792Z,1e00000990,141.6187838,42.6467963,58,0
2026-08-16T00:50:37Z,2026-08-16T02:56:06.792Z,1e00000990,141.618722,42.6466168,82,0
2026-08-16T01:12:36Z,2026-08-16T02:56:06.792Z,1e00000990,141.6169696,42.6463888,35,0
2026-08-16T02:15:37Z,2026-08-16T02:56:06.792Z,1e00000990,141.6171227,42.6466416,106,0
2026-08-16T02:48:35Z,2026-08-16T02:56:06.792Z,1e00000990,141.6172007,42.6460262,74,0
2026-08-16T03:09:35Z,2026-08-16T03:55:06.463Z,1e00000990,141.6166445,42.6468054,108,0
2026-08-16T03:17:17Z,2026-08-16T03:55:06.463Z,1e00000990,141.6210907,42.6482036,156,0
2026-08-16T03:21:34Z,2026-08-16T03:55:06.463Z,1e00000990,141.6189625,42.6485631,191,0
2026-08-16T03:29:47Z,2026-08-16T03:55:06.463Z,1e00000990,141.6191255,42.648545,41,0
2026-08-16T03:30:01Z,2026-08-16T03:55:06.463Z,1e00000990,141.6190474,42.6486397,24,0
2026-08-16T04:19:55Z,2026-08-16T04:59:05.944Z,1e00000990,141.6190464,42.648615,20,0
2026-08-16T04:20:15Z,2026-08-16T04:59:05.944Z,1e00000990,141.6190464,42.648615,20,0
2026-08-16T04:20:20Z,2026-08-16T04:59:05.944Z,1e00000990,141.6190468,42.6486109,21,0
2026-08-16T04:35:42Z,2026-08-16T04:59:05.944Z,1e00000990,141.6190517,42.6486079,25,0
2026-08-16T04:37:20Z,2026-08-16T04:59:05.944Z,1e00000990,141.6190545,42.6486063,26,0
2026-08-16T04:39:36Z,2026-08-16T04:59:05.944Z,1e00000990,141.6191308,42.6485393,82,0
2026-08-16T04:40:15Z,2026-08-16T04:59:05.944Z,1e00000990,141.6185871,42.6481488,110,0
2026-08-16T04:45:15Z,2026-08-16T04:59:05.944Z,1e00000990,141.6205566,42.6470029,89,0
2026-08-16T04:56:18Z,2026-08-16T06:04:06.565Z,1e00000990,141.6209642,42.6477497,142,0
2026-08-16T04:57:55Z,2026-08-16T06:04:06.565Z,1e00000990,141.6203367,42.6477756,85,0
2026-08-16T04:58:39Z,2026-08-16T06:04:06.565Z,1e00000990,141.6203367,42.6477756,97,0
2026-08-16T05:18:38Z,2026-08-16T06:04:06.565Z,1e00000990,141.6204577,42.6474244,63,0
2026-08-16T05:25:56Z,2026-08-16T06:04:06.565Z,1e00000990,141.6214512,42.6457347,211,0
2026-08-16T05:34:01Z,2026-08-16T06:04:06.565Z,1e00000990,141.6202984,42.6478078,31,0
2026-08-16T05:56:55Z,2026-08-16T06:04:06.565Z,1e00000990,141.6203327,42.6476195,35,0
2026-08-16T05:58:03Z,2026-08-16T07:12:06.051Z,1e00000990,141.6202237,42.6472863,21,0
2026-08-16T06:04:15Z,2026-08-16T07:12:06.051Z,1e00000990,141.620277,42.6478203,27,0
2026-08-16T06:08:22Z,2026-08-16T07:12:06.051Z,1e00000990,141.6202791,42.6478204,30,0
2026-08-16T06:15:22Z,2026-08-16T07:12:06.051Z,1e00000990,141.6202812,42.6478206,32,0
2026-08-16T06:17:43Z,2026-08-16T07:12:06.051Z,1e00000990,141.6162752,42.6460766,141,0
2026-08-16T06:30:23Z,2026-08-16T07:12:06.051Z,1e00000990,141.6203114,42.6478202,43,0
2026-08-16T06:34:56Z,2026-08-16T07:12:06.051Z,1e00000990,141.6204045,42.6479179,29,0
2026-08-16T06:48:57Z,2026-08-16T07:12:06.051Z,1e00000990,141.6203395,42.6478247,67,0
2026-08-16T07:37:55Z,2026-08-16T08:07:07.969Z,1e00000990,141.6568134,42.6597763,223,0
2026-08-16T07:37:56Z,2026-08-16T08:07:07.969Z,1e00000990,141.6119762,42.6447972,190,0
2026-08-16T07:37:58Z,2026-08-16T08:07:07.969Z,1e00000990,141.6206444,42.6483892,196,0
2026-08-16T07:37:59Z,2026-08-16T08:07:07.969Z,1e00000990,141.6105648,42.643524,194,0
2026-08-16T07:38:00Z,2026-08-16T09:08:39.854Z,1e00000990,141.6188375,42.6465707,118,0
2026-08-16T08:11:41Z,2026-08-16T09:08:39.854Z,1e00000990,141.6243958,42.6485514,27,0
2026-08-16T08:16:43Z,2026-08-16T09:08:39.854Z,1e00000990,141.6233883,42.6479065,157,0
2026-08-16T09:02:19Z,2026-08-16T11:13:05.319Z,1e00000990,141.6166402,42.646536,178,0
2026-08-16T09:02:20Z,2026-08-16T13:19:07.557Z,1e00000990,141.6209166,42.647491,133,0
2026-08-16T09:02:21Z,2026-08-16T21:38:05.908Z,1e00000990,141.6188291,42.6470761,161,0
2026-08-16T09:02:22Z,2026-08-16T21:38:05.908Z,1e00000990,141.6173705,42.6470603,148,0
2026-08-16T09:02:23Z,2026-08-16T21:38:05.908Z,1e00000990,141.6231683,42.6486603,179,0
2026-08-16T09:03:56Z,2026-08-16T21:38:05.908Z,1e00000990,141.6206731,42.6465314,73,0
2026-08-16T09:04:01Z,2026-08-16T21:38:05.908Z,1e00000990,141.620323,42.6471707,63,0
2026-08-16T21:12:39Z,2026-08-16T22:44:05.912Z,1e00000990,141.6336791,42.64927,150,0
2026-08-16T21:31:42Z,2026-08-16T22:44:05.912Z,1e00000990,141.623556,42.6493293,45,0
2026-08-16T21:55:39Z,2026-08-16T23:51:05.23Z,1e00000990,141.6225104,42.6480059,19,0
2026-08-16T22:07:39Z,2026-08-16T23:51:05.23Z,1e00000990,141.6190828,42.6486211,44,0
2026-08-16T22:15:42Z,2026-08-16T23:51:05.23Z,1e00000990,141.6187818,42.6483736,82,0
2026-08-16T22:18:39Z,2026-08-17T00:56:05.115Z,1e00000990,141.6186066,42.6481253,60,0
2026-08-16T22:22:41Z,2026-08-17T00:56:05.115Z,1e00000990,141.6191705,42.6484206,98,0
2026-08-16T22:23:39Z,2026-08-17T01:56:05.18Z,1e00000990,141.6192365,42.6485197,98,0
2026-08-16T22:50:42Z,2026-08-17T01:56:05.18Z,1e00000990,141.6186068,42.6481254,54,0
2026-08-16T23:45:40Z,2026-08-17T02:50:05.642Z,1e00000990,141.6185588,42.6481796,76,0
2026-08-16T23:46:41Z,2026-08-17T02:50:05.642Z,1e00000990,141.6185588,42.6481796,76,0
2026-08-16T23:48:42Z,2026-08-17T03:55:05.298Z,1e00000990,141.6185588,42.6481796,76,0
2026-08-17T00:19:41Z,2026-08-17T03:55:05.298Z,1e00000990,141.6193282,42.6469997,57,0
2026-08-17T00:35:42Z,2026-08-17T06:10:04.83Z,1e00000990,141.6222056,42.6479353,172,0
2026-08-17T00:37:41Z,2026-08-17T06:10:04.83Z,1e00000990,141.6191252,42.6472388,34,0
2026-08-17T00:39:43Z,2026-08-17T06:10:04.83Z,1e00000990,141.6194791,42.6470483,102,0
2026-08-17T01:10:42Z,2026-08-17T07:11:05.522Z,1e00000990,141.6186048,42.6483837,81,0
2026-08-17T02:32:41Z,2026-08-17T07:11:05.522Z,1e00000990,141.6213191,42.6466073,137,0
2026-08-17T02:42:41Z,2026-08-17T08:10:05.795Z,1e00000990,141.6468849,42.6562897,222,0
2026-08-17T02:42:43Z,2026-08-17T10:06:05.249Z,1e00000990,141.6188864,42.6468721,195,0
2026-08-17T03:19:41Z,2026-08-17T11:10:05.248Z,1e00000990,141.6204024,42.6473419,31,0
2026-08-17T06:26:44Z,2026-08-17T11:10:05.248Z,1e00000990,141.6202975,42.6477819,42,0
2026-08-17T06:32:42Z,2026-08-17T11:10:05.248Z,1e00000990,141.6201826,42.6475335,151,0
2026-08-17T06:50:42Z,2026-08-17T12:55:04.793Z,1e00000990,141.6203422,42.647886,52,0
2026-08-17T07:10:43Z,2026-08-17T13:53:05.411Z,1e00000990,141.6209317,42.6465688,19,0
2026-08-17T08:03:42Z,2026-08-17T20:12:05.918Z,1e00000990,141.6204333,42.6473486,144,0
2026-08-17T08:37:45Z,2026-08-17T21:19:04.639Z,1e00000990,141.6248908,42.6464029,61,0
2026-08-17T08:38:43Z,2026-08-17T21:19:04.639Z,1e00000990,141.6256893,42.646352,114,0
2026-08-17T09:01:44Z,2026-08-17T21:19:04.639Z,1e00000990,141.6185996,42.6362546,48,0
2026-08-17T10:49:45Z,2026-08-17T21:19:04.639Z,1e00000990,141.6177034,42.6313501,170,0
2026-08-17T13:34:44Z,2026-08-17T21:19:04.639Z,1e00000990,141.6178607,42.6311298,187,0
2026-08-17T20:47:39Z,2026-08-17T21:19:04.639Z,1e00000990,141.6165415,42.6449232,22,0
2026-08-17T21:18:47Z,2026-08-17T22:25:10.428Z,1e00000990,141.6164187,42.6467694,51,0
2026-08-17T21:34:47Z,2026-08-17T22:25:10.428Z,1e00000990,141.6186144,42.6481248,56,0
2026-08-17T21:39:47Z,2026-08-17T22:25:10.428Z,1e00000990,141.6186117,42.648125,58,0
2026-08-17T21:40:48Z,2026-08-17T22:25:10.428Z,1e00000990,141.6186117,42.648125,58,0
2026-08-17T21:48:48Z,2026-08-17T22:25:10.428Z,1e00000990,141.618722,42.6483965,19,0
2026-08-17T21:53:48Z,2026-08-17T22:25:10.428Z,1e00000990,141.6190386,42.648517,39,0
2026-08-17T22:00:46Z,2026-08-17T22:25:10.428Z,1e00000990,141.6187864,42.6483635,30,0
2026-08-17T22:01:49Z,2026-08-17T22:25:10.428Z,1e00000990,141.6190386,42.648517,77,0
2026-08-17T22:21:47Z,2026-08-17T23:27:05.395Z,1e00000990,141.6185987,42.6481261,44,0
2026-08-17T22:38:49Z,2026-08-17T23:27:05.395Z,1e00000990,141.6192242,42.6485328,98,0
2026-08-17T22:42:46Z,2026-08-17T23:27:05.395Z,1e00000990,141.6190693,42.6485986,41,0
2026-08-17T22:44:46Z,2026-08-18T00:27:06.946Z,1e00000990,141.6186147,42.6481307,56,0
2026-08-17T22:48:46Z,2026-08-18T01:35:05.628Z,1e00000990,141.6192112,42.6485611,98,0
2026-08-17T22:53:48Z,2026-08-18T01:35:05.628Z,1e00000990,141.6177022,42.6476376,35,0
2026-08-17T23:11:47Z,2026-08-18T01:35:05.628Z,1e00000990,141.6123534,42.6448911,190,0
2026-08-17T23:21:47Z,2026-08-18T02:36:05.401Z,1e00000990,141.6092968,42.6430189,187,0
2026-08-17T23:27:49Z,2026-08-18T02:36:05.401Z,1e00000990,141.6203567,42.6473311,20,0
2026-08-17T23:36:47Z,2026-08-18T02:36:05.401Z,1e00000990,141.6202019,42.6478557,161,0
2026-08-18T00:34:49Z,2026-08-18T03:35:05.183Z,1e00000990,141.6184683,42.6483469,39,0
2026-08-18T00:58:48Z,2026-08-18T04:43:05.038Z,1e00000990,141.6188724,42.6484436,36,0
2026-08-18T01:44:50Z,2026-08-18T04:43:05.038Z,1e00000990,141.6187202,42.6483928,27,0
2026-08-18T01:50:47Z,2026-08-18T05:41:05.661Z,1e00000990,141.6190693,42.6485986,34,0
2026-08-18T01:55:49Z,2026-08-18T05:41:05.661Z,1e00000990,141.621255,42.645824,46,0
2026-08-18T02:32:50Z,2026-08-18T05:41:05.661Z,1e00000990,141.6221936,42.6476959,179,0
2026-08-18T03:01:50Z,2026-08-18T05:41:05.661Z,1e00000990,141.6199951,42.6479972,91,0
2026-08-18T03:02:47Z,2026-08-18T06:38:05.431Z,1e00000990,141.6198628,42.648205,105,0
2026-08-18T05:08:50Z,2026-08-18T06:38:05.431Z,1e00000990,141.6203379,42.6478133,54,0
2026-08-18T05:12:51Z,2026-08-18T07:26:05.686Z,1e00000990,141.6204787,42.6479749,183,0
2026-08-18T05:31:50Z,2026-08-18T07:26:05.686Z,1e00000990,141.6208442,42.6467675,83,0
2026-08-18T05:42:49Z,2026-08-18T07:26:05.686Z,1e00000990,141.621255,42.645824,48,0
2026-08-18T05:50:51Z,2026-08-18T07:26:05.686Z,1e00000990,141.6199306,42.6471942,20,0
2026-08-18T06:09:49Z,2026-08-18T07:26:05.686Z,1e00000990,141.619665,42.6470884,45,0
2026-08-18T06:09:50Z,2026-08-18T07:26:05.686Z,1e00000990,141.6213404,42.6478855,42,0
2026-08-18T06:53:50Z,2026-08-18T08:26:05.695Z,1e00000990,141.6202891,42.6478391,31,0
2026-08-18T07:13:49Z,2026-08-18T08:26:05.695Z,1e00000990,141.6205545,42.6478016,71,0
2026-08-18T07:24:50Z,2026-08-18T08:26:05.695Z,1e00000990,141.6203856,42.6474287,119,0
2026-08-18T07:25:50Z,2026-08-18T08:26:05.695Z,1e00000990,141.6200197,42.6475788,124,0
2026-08-18T07:55:49Z,2026-08-18T08:26:05.695Z,1e00000990,141.5960457,42.6397964,103,0
2026-08-18T08:04:51Z,2026-08-18T08:26:05.695Z,1e00000990,141.6197465,42.6471064,140,0
2026-08-18T08:14:49Z,2026-08-18T08:26:05.695Z,1e00000990,141.618609,42.6467377,75,0
2026-08-18T08:17:49Z,2026-08-18T08:26:05.695Z,1e00000990,141.618609,42.6467377,76,0
2026-08-18T08:24:51Z,2026-08-18T09:33:05.149Z,1e00000990,141.6186091,42.6467378,58,0
2026-08-18T08:31:51Z,2026-08-18T09:33:05.149Z,1e00000990,141.6186091,42.6467378,63,0
2026-08-18T08:32:50Z,2026-08-18T09:33:05.149Z,1e00000990,141.6185457,42.6470968,58,0
2026-08-18T08:39:50Z,2026-08-18T09:33:05.149Z,1e00000990,141.6142475,42.645807,27,0
2026-08-18T08:43:52Z,2026-08-18T09:33:05.149Z,1e00000990,141.6144188,42.6458957,36,0
2026-08-18T08:53:52Z,2026-08-18T09:33:05.149Z,1e00000990,141.6158421,42.6454464,121,0
2026-08-18T09:09:50Z,2026-08-18T09:33:05.149Z,1e00000990,141.6163256,42.6447893,72,0
2026-08-18T10:02:52Z,2026-08-18T10:42:04.649Z,1e00000990,141.6160108,42.6416549,120,0
2026-08-18T10:12:52Z,2026-08-18T10:42:04.649Z,1e00000990,141.6184595,42.6465541,103,0
2026-08-18T10:14:49Z,2026-08-18T10:42:04.649Z,1e00000990,141.618613,42.6435985,30,0
2026-08-18T10:23:49Z,2026-08-18T10:42:04.649Z,1e00000990,141.618727,42.643704,55,0
2026-08-18T10:23:52Z,2026-08-18T10:42:04.649Z,1e00000990,141.6183025,42.6437019,108,0
2026-08-18T10:32:51Z,2026-08-18T11:26:05.331Z,1e00000990,141.6182911,42.643471,139,0
2026-08-18T10:33:49Z,2026-08-18T11:26:05.331Z,1e00000990,141.6188265,42.6439507,30,0
2026-08-18T10:37:50Z,2026-08-18T11:26:05.331Z,1e00000990,141.6187436,42.6442007,67,0
2026-08-18T10:43:21Z,2026-08-18T11:26:05.331Z,1e00000990,141.6184708,42.6441483,82,0
2026-08-18T11:00:49Z,2026-08-18T11:26:05.331Z,1e00000990,141.6186512,42.643535,94,0
2026-08-18T11:00:52Z,2026-08-18T11:26:05.331Z,1e00000990,141.6185553,42.6436786,134,0
2026-08-18T11:01:49Z,2026-08-18T12:32:54.074Z,1e00000990,141.618616,42.6440128,86,0
2026-08-18T11:01:52Z,2026-08-18T12:32:54.074Z,1e00000990,141.6185941,42.6430229,30,0
2026-08-18T11:05:49Z,2026-08-18T12:32:54.074Z,1e00000990,141.6186348,42.6438629,22,0
2026-08-18T11:27:49Z,2026-08-18T12:32:54.074Z,1e00000990,141.6186152,42.6438279,25,0
2026-08-18T11:40:51Z,2026-08-18T12:32:54.074Z,1e00000990,141.6192655,42.6441231,32,0
2026-08-18T11:53:50Z,2026-08-18T12:32:54.074Z,1e00000990,141.6185872,42.6433451,35,0
2026-08-18T12:00:50Z,2026-08-18T13:22:06.67Z,1e00000990,141.6181356,42.6433728,110,0
2026-08-18T12:13:51Z,2026-08-18T13:22:06.67Z,1e00000990,141.6186264,42.6437962,22,0
2026-08-18T12:18:51Z,2026-08-18T13:22:06.67Z,1e00000990,141.6189933,42.6442402,148,0
2026-08-18T12:25:50Z,2026-08-18T13:22:06.67Z,1e00000990,141.6185901,42.6434081,180,0
2026-08-18T12:46:52Z,2026-08-18T13:22:06.67Z,1e00000990,141.6184709,42.6438081,77,0
2026-08-18T12:49:50Z,2026-08-18T15:22:07.248Z,1e00000990,141.6184709,42.6435492,41,0
2026-08-18T13:03:58Z,2026-08-18T15:22:07.248Z,1e00000990,141.6186115,42.6439013,114,0
2026-08-18T13:09:51Z,2026-08-18T15:22:07.248Z,1e00000990,141.6186696,42.6436019,63,0
2026-08-18T13:18:52Z,2026-08-18T16:18:05.404Z,1e00000990,141.6187157,42.6441448,50,0
2026-08-18T13:19:52Z,2026-08-18T16:18:05.404Z,1e00000990,141.6187831,42.6438224,65,0
2026-08-18T13:22:51Z,2026-08-18T17:21:05.208Z,1e00000990,141.6187187,42.6439806,25,0
2026-08-18T13:29:53Z,2026-08-18T18:26:06.08Z,1e00000990,141.6179214,42.6453261,147,0
2026-08-18T13:59:52Z,2026-08-18T18:26:06.08Z,1e00000990,141.6187042,42.6441533,39,0
2026-08-18T15:19:51Z,2026-08-18T18:26:06.08Z,1e00000990,141.6185192,42.6437797,60,0
2026-08-18T15:21:52Z,2026-08-18T19:27:05.729Z,1e00000990,141.6171906,42.6426802,138,0
2026-08-18T15:21:54Z,2026-08-18T20:22:05.263Z,1e00000990,141.6183537,42.6437271,99,0
2026-08-18T16:10:52Z,2026-08-18T20:22:05.263Z,1e00000990,141.6185795,42.6443738,167,0
2026-08-18T17:46:54Z,2026-08-18T21:27:05.151Z,1e00000990,141.6188423,42.6437935,154,0
2026-08-18T18:06:51Z,2026-08-18T21:27:05.151Z,1e00000990,141.6190479,42.6445154,129,0
2026-08-18T18:18:52Z,2026-08-18T22:41:05.379Z,1e00000990,141.6185422,42.6432775,27,0
2026-08-18T18:29:52Z,2026-08-18T22:41:05.379Z,1e00000990,141.61845,42.6439793,160,0
2026-08-18T20:02:54Z,2026-08-18T22:41:05.379Z,1e00000990,141.618731,42.643429,60,0
2026-08-18T20:25:54Z,2026-08-18T22:41:05.379Z,1e00000990,141.6211627,42.6458912,69,0
2026-08-18T20:28:52Z,2026-08-18T23:43:06.041Z,1e00000990,141.6213012,42.6456924,38,0
2026-08-18T22:32:56Z,2026-08-18T23:43:06.041Z,1e00000990,141.6185513,42.6485687,33,0
2026-08-18T22:33:52Z,2026-08-18T23:43:06.041Z,1e00000990,141.6190357,42.6485196,63,0
2026-08-18T22:39:54Z,2026-08-18T23:43:06.041Z,1e00000990,141.6185643,42.6482458,95,0
2026-08-18T22:51:56Z,2026-08-18T23:43:06.041Z,1e00000990,141.6220212,42.6466494,52,0
2026-08-18T23:15:54Z,2026-08-19T00:39:05.514Z,1e00000990,141.6234887,42.6470468,35,0
2026-08-18T23:25:54Z,2026-08-19T00:39:05.514Z,1e00000990,141.6234886,42.6470468,54,0
2026-08-18T23:28:23Z,2026-08-19T02:50:06.404Z,1e00000990,141.6234944,42.6469471,43,0
2026-08-18T23:34:56Z,2026-08-19T03:59:05.128Z,1e00000990,141.6234887,42.6470468,42,0
2026-08-18T23:38:25Z,2026-08-19T03:59:05.128Z,1e00000990,141.6234804,42.6469732,37,0
2026-08-18T23:41:53Z,2026-08-19T03:59:05.128Z,1e00000990,141.6234886,42.6470468,39,0
2026-08-18T23:45:49Z,2026-08-19T03:59:05.128Z,1e00000990,141.6234954,42.6469649,35,0
2026-08-18T23:54:56Z,2026-08-19T03:59:05.128Z,1e00000990,141.6234886,42.6470468,33,0
2026-08-19T01:04:21Z,2026-08-19T03:59:05.128Z,1e00000990,141.6205681,42.6469108,85,0
2026-08-19T01:10:55Z,2026-08-19T03:59:05.128Z,1e00000990,141.6195017,42.6475828,75,0
2026-08-19T03:06:39Z,2026-08-19T03:59:05.128Z,1e00000990,141.6248622,42.6483242,76,0
2026-08-19T04:04:54Z,2026-08-19T04:58:06.561Z,1e00000990,141.6203453,42.6477941,19,0
2026-08-19T04:17:55Z,2026-08-19T06:08:06.458Z,1e00000990,141.6204486,42.6475656,52,0
2026-08-19T04:17:56Z,2026-08-19T06:08:06.458Z,1e00000990,141.6230364,42.6484963,113,0
2026-08-19T04:29:57Z,2026-08-19T06:08:06.458Z,1e00000990,141.6203328,42.6478133,19,0
2026-08-19T04:31:54Z,2026-08-19T07:10:05.748Z,1e00000990,141.6204327,42.647554,39,0
2026-08-19T05:35:56Z,2026-08-19T07:10:05.748Z,1e00000990,141.6193351,42.6475236,45,0
2026-08-19T05:47:41Z,2026-08-19T07:10:05.748Z,1e00000990,141.6185786,42.6474162,129,0
2026-08-19T06:14:56Z,2026-08-19T07:10:05.748Z,1e00000990,141.6192672,42.6484972,98,0
2026-08-19T06:17:57Z,2026-08-19T08:18:06.303Z,1e00000990,141.6190963,42.6486422,68,0
2026-08-19T06:21:56Z,2026-08-19T08:18:06.303Z,1e00000990,141.6191956,42.6485002,98,0
2026-08-19T06:28:55Z,2026-08-19T08:18:06.303Z,1e00000990,141.6191236,42.6486669,143,0
2026-08-19T06:31:55Z,2026-08-19T08:18:06.303Z,1e00000990,141.6192513,42.6483323,98,0
2026-08-19T07:42:55Z,2026-08-19T08:18:06.303Z,1e00000990,141.6192732,42.6484186,98,0
2026-08-19T07:43:58Z,2026-08-19T08:18:06.303Z,1e00000990,141.6192732,42.6484186,98,0
2026-08-19T07:44:55Z,2026-08-19T08:18:06.303Z,1e00000990,141.6192732,42.6484186,98,0
2026-08-19T08:09:55Z,2026-08-19T08:18:06.303Z,1e00000990,141.6192644,42.6484073,92,0
2026-08-19T08:41:58Z,2026-08-19T09:14:05.299Z,1e00000990,141.6189711,42.643311,121,0
2026-08-19T08:42:55Z,2026-08-19T09:14:05.299Z,1e00000990,141.6184797,42.6432537,140,0
2026-08-19T08:42:58Z,2026-08-19T09:14:05.299Z,1e00000990,141.6184745,42.6438647,45,0
2026-08-19T08:46:28Z,2026-08-19T09:14:05.299Z,1e00000990,141.6138211,42.635356,149,0
2026-08-19T08:46:57Z,2026-08-19T09:14:05.299Z,1e00000990,141.6181143,42.6427688,183,0
2026-08-19T08:48:58Z,2026-08-19T09:14:05.299Z,1e00000990,141.6187509,42.6438988,82,0
2026-08-19T08:55:57Z,2026-08-19T09:14:05.299Z,1e00000990,141.6182555,42.6469788,198,0
2026-08-19T08:57:57Z,2026-08-19T09:14:05.299Z,1e00000990,141.6189082,42.6453593,169,0
2026-08-19T09:14:57Z,2026-08-19T09:57:05.404Z,1e00000990,141.6185214,42.6433002,19,0
2026-08-19T09:15:59Z,2026-08-19T09:57:05.404Z,1e00000990,141.6190525,42.644113,141,0
2026-08-19T09:16:57Z,2026-08-19T09:57:05.404Z,1e00000990,141.6186978,42.6437968,43,0
2026-08-19T09:18:58Z,2026-08-19T09:57:05.404Z,1e00000990,141.6188013,42.6439097,35,0
2026-08-19T09:32:07Z,2026-08-19T09:57:05.404Z,1e00000990,141.6182399,42.644455,40,0
2026-08-19T09:39:56Z,2026-08-19T09:57:05.404Z,1e00000990,141.6187105,42.643709,56,0
2026-08-19T09:39:57Z,2026-08-19T09:57:05.404Z,1e00000990,141.6177331,42.6473438,159,0
2026-08-19T09:48:58Z,2026-08-19T11:01:05.51Z,1e00000990,141.6188199,42.6441118,132,0
2026-08-19T09:48:59Z,2026-08-19T11:01:05.51Z,1e00000990,141.6186566,42.6439483,96,0
2026-08-19T09:52:57Z,2026-08-19T11:01:05.51Z,1e00000990,141.6189744,42.6440942,80,0
2026-08-19T10:02:19Z,2026-08-19T11:01:05.51Z,1e00000990,141.6182399,42.644455,46,0
2026-08-19T10:04:59Z,2026-08-19T12:07:05.545Z,1e00000990,141.6185853,42.6434369,20,0
2026-08-19T10:13:29Z,2026-08-19T12:07:05.545Z,1e00000990,141.6182399,42.644455,40,0
2026-08-19T10:26:56Z,2026-08-19T12:07:05.545Z,1e00000990,141.6166826,42.6489826,186,0
2026-08-19T10:27:56Z,2026-08-19T12:07:05.545Z,1e00000990,141.6186472,42.6437816,26,0
2026-08-19T10:37:58Z,2026-08-19T12:07:05.545Z,1e00000990,141.6185375,42.6444256,67,0
2026-08-19T10:59:59Z,2026-08-19T12:07:05.545Z,1e00000990,141.6185699,42.6440899,114,0
2026-08-19T11:14:57Z,2026-08-19T12:07:05.545Z,1e00000990,141.618771,42.6438423,19,0
2026-08-19T11:18:57Z,2026-08-19T12:07:05.545Z,1e00000990,141.6180228,42.643158,124,0
2026-08-19T11:59:56Z,2026-08-19T13:06:06.248Z,1e00000990,141.6172287,42.6441481,71,0
2026-08-19T12:10:56Z,2026-08-19T13:54:05.016Z,1e00000990,141.6188676,42.644234,108,0
2026-08-19T12:18:58Z,2026-08-19T17:48:06.184Z,1e00000990,141.6188436,42.6442385,52,0
2026-08-19T12:24:57Z,2026-08-19T21:55:05.351Z,1e00000990,141.6188102,42.6442263,44,0
2026-08-19T12:42:59Z,2026-08-19T21:55:05.351Z,1e00000990,141.6172179,42.6441561,77,0
2026-08-19T12:49:58Z,2026-08-19T23:03:05.568Z,1e00000990,141.6193828,42.6441186,136,0
2026-08-19T12:55:58Z,2026-08-19T23:03:05.568Z,1e00000990,141.6187254,42.6442641,36,0
2026-08-19T12:58:59Z,2026-08-20T00:08:06.048Z,1e00000990,141.6187333,42.6432259,19,0
2026-08-19T13:02:00Z,2026-08-20T00:08:06.048Z,1e00000990,141.6184078,42.6437989,19,0
2026-08-19T13:21:59Z,2026-08-20T00:08:06.048Z,1e00000990,141.6185158,42.6432886,53,0
2026-08-19T22:45:00Z,2026-08-20T01:18:05.324Z,1e00000990,141.6190153,42.6485598,72,0
2026-08-19T22:52:00Z,2026-08-20T02:22:06.883Z,1e00000990,141.6190212,42.6485567,63,0
2026-08-19T23:04:59Z,2026-08-20T04:34:05.994Z,1e00000990,141.6188456,42.6485461,82,0
2026-08-19T23:05:00Z,2026-08-20T04:34:05.994Z,1e00000990,141.618743,42.6484063,73,0
2026-08-19T23:07:02Z,2026-08-20T04:34:05.994Z,1e00000990,141.618743,42.6484063,67,0
2026-08-20T00:18:01Z,2026-08-20T04:34:05.994Z,1e00000990,141.6203246,42.6478235,57,0
2026-08-20T00:23:02Z,2026-08-20T07:45:05.616Z,1e00000990,141.6194266,42.6476414,62,0
2026-08-20T00:29:01Z,2026-08-20T08:47:05.768Z,1e00000990,141.6200056,42.6479615,167,0
2026-08-20T00:33:59Z,2026-08-20T08:47:05.768Z,1e00000990,141.6190209,42.6485563,54,0
2026-08-20T01:07:02Z,2026-08-20T08:47:05.768Z,1e00000990,141.6185918,42.6481284,68,0
2026-08-20T01:07:59Z,2026-08-20T23:33:05.178Z,1e00000990,141.6185918,42.6481284,68,0
2026-08-20T03:26:02Z,2026-08-20T23:33:05.178Z,1e00000990,141.6191039,42.6483519,81,0
2026-08-20T04:27:01Z,2026-08-20T23:33:05.178Z,1e00000990,141.6185884,42.6481392,61,0
2026-08-20T05:07:04Z,2026-08-20T23:33:05.178Z,1e00000990,141.6184672,42.6484387,117,0
2026-08-20T08:06:01Z,2026-08-21T03:39:06.263Z,1e00000990,141.6219698,42.6466552,109,0
2026-08-20T08:39:04Z,2026-08-21T03:39:06.263Z,1e00000990,141.6202003,42.6367458,56,0
2026-08-20T08:43:02Z,2026-08-21T03:39:06.263Z,1e00000990,141.6201655,42.6367426,62,0
2026-08-20T09:12:03Z,2026-08-21T03:39:06.263Z,1e00000990,141.6202512,42.6367532,51,0
2026-08-20T23:36:05Z,2026-08-21T04:37:06.068Z,1e00000990,141.6184554,42.6483593,165,0
2026-08-20T23:42:07Z,2026-08-21T05:36:05.805Z,1e00000990,141.618877,42.6483442,60,0
2026-08-20T23:47:08Z,2026-08-21T05:36:05.805Z,1e00000990,141.6190569,42.6485627,79,0
2026-08-20T23:53:06Z,2026-08-21T05:36:05.805Z,1e00000990,141.6188449,42.6485467,79,0
2026-08-21T03:39:08Z,2026-08-21T07:25:05.999Z,1e00000990,141.6192302,42.6484928,98,0
2026-08-21T03:41:08Z,2026-08-21T07:25:05.999Z,1e00000990,141.6192438,42.6485057,98,0
2026-08-21T03:43:07Z,2026-08-21T08:20:07.899Z,1e00000990,141.6198362,42.6483949,32,0
2026-08-21T03:55:08Z,2026-08-21T08:20:07.899Z,1e00000990,141.6190836,42.6486212,45,0
2026-08-21T05:09:08Z,2026-08-21T09:27:06.124Z,1e00000990,141.6202874,42.6477452,68,0
2026-08-21T05:13:09Z,2026-08-21T09:27:06.124Z,1e00000990,141.6203175,42.6478122,28,0
2026-08-21T05:21:08Z,2026-08-21T14:18:04.947Z,1e00000990,141.6203202,42.6478251,28,0
2026-08-21T06:01:07Z,2026-08-21T23:43:04.728Z,1e00000990,141.6208194,42.6479512,81,0
2026-08-21T07:38:10Z,2026-08-21T23:43:04.728Z,1e00000990,141.6191771,42.6483119,98,0
2026-08-21T08:06:08Z,2026-08-21T23:43:04.728Z,1e00000990,141.6198882,42.648304,123,0
2026-08-21T08:51:11Z,2026-08-22T00:37:06.088Z,1e00000990,141.6192592,42.6469747,32,0
2026-08-21T08:52:08Z,2026-08-22T00:37:06.088Z,1e00000990,141.6189137,42.6466763,64,0
2026-08-21T08:55:08Z,2026-08-22T01:52:05.595Z,1e00000990,141.620125,42.6478285,173,0
2026-08-21T09:00:10Z,2026-08-22T02:59:06.312Z,1e00000990,141.6183887,42.6411413,122,0
2026-08-21T23:42:14Z,2026-08-22T05:18:05.944Z,1e00000990,141.6193829,42.6479659,56,0
2026-08-21T23:50:15Z,2026-08-22T05:18:05.944Z,1e00000990,141.6203304,42.6478209,48,0
2026-08-21T23:57:14Z,2026-08-22T05:18:05.944Z,1e00000990,141.6203304,42.6478209,42,0
2026-08-22T00:55:44Z,2026-08-22T06:21:05.515Z,1e00000990,141.6191704,42.6485313,48,0
2026-08-22T01:04:31Z,2026-08-22T06:21:05.515Z,1e00000990,141.6191635,42.6485365,42,0
2026-08-22T02:33:14Z,2026-08-22T06:21:05.515Z,1e00000990,141.6186339,42.6483913,82,0
2026-08-22T02:41:13Z,2026-08-22T06:21:05.515Z,1e00000990,141.6187678,42.6484753,63,0
2026-08-22T02:45:15Z,2026-08-22T07:29:05.824Z,1e00000990,141.6188452,42.6485476,66,0
2026-08-22T06:03:16Z,2026-08-22T07:29:05.824Z,1e00000990,141.6197114,42.6477659,95,0
2026-08-22T06:09:15Z,2026-08-22T07:29:05.824Z,1e00000990,141.6197113,42.6477659,81,0
2026-08-22T06:10:15Z,2026-08-22T08:29:05.193Z,1e00000990,141.6197113,42.6477659,103,0
2026-08-22T06:13:15Z,2026-08-22T09:25:05.975Z,1e00000990,141.6197112,42.6477657,88,0
2026-08-22T06:14:15Z,2026-08-22T09:25:05.975Z,1e00000990,141.6197112,42.6477657,88,0
2026-08-22T06:15:14Z,2026-08-22T09:25:05.975Z,1e00000990,141.6197112,42.6477657,97,0
2026-08-22T06:39:15Z,2026-08-22T09:25:05.975Z,1e00000990,141.6197113,42.6477658,72,0
2026-08-22T07:16:17Z,2026-08-22T09:25:05.975Z,1e00000990,141.6220444,42.6477732,171,0
2026-08-22T08:04:14Z,2026-08-22T09:25:05.975Z,1e00000990,141.6194646,42.6476693,73,0
2026-08-22T08:22:15Z,2026-08-22T09:25:05.975Z,1e00000990,141.6197365,42.6471474,48,0
2026-08-22T08:41:18Z,2026-08-22T09:25:05.975Z,1e00000990,141.6199569,42.6474835,109,0
2026-08-22T09:49:18Z,2026-08-22T10:29:05.603Z,1e00000990,141.6187428,42.6440474,35,0
2026-08-22T09:55:16Z,2026-08-22T10:29:05.603Z,1e00000990,141.6189154,42.6439277,152,0
2026-08-22T09:57:16Z,2026-08-22T10:29:05.603Z,1e00000990,141.6184919,42.6435915,200,0
2026-08-22T09:58:16Z,2026-08-22T10:29:05.603Z,1e00000990,141.6187662,42.643819,34,0
2026-08-22T10:05:18Z,2026-08-22T10:29:05.603Z,1e00000990,141.6177578,42.6457549,180,0
2026-08-22T10:05:21Z,2026-08-22T10:29:05.603Z,1e00000990,141.6228527,42.6464918,20,0
2026-08-22T10:17:17Z,2026-08-22T10:29:05.603Z,1e00000990,141.6186606,42.6440597,25,0
2026-08-22T10:41:16Z,2026-08-22T11:33:05.272Z,1e00000990,141.6186997,42.6436781,73,0
2026-08-22T10:48:17Z,2026-08-22T11:33:05.272Z,1e00000990,141.6189581,42.643871,117,0
2026-08-22T10:48:18Z,2026-08-22T11:33:05.272Z,1e00000990,141.6179977,42.6437097,42,0
2026-08-22T10:52:17Z,2026-08-22T11:33:05.272Z,1e00000990,141.618624,42.6435246,86,0
2026-08-22T11:00:16Z,2026-08-22T11:33:05.272Z,1e00000990,141.618944,42.6432238,21,0
2026-08-22T11:01:18Z,2026-08-22T11:33:05.272Z,1e00000990,141.6216832,42.6426992,166,0
2026-08-22T11:18:18Z,2026-08-22T11:33:05.272Z,1e00000990,141.6180681,42.6441764,90,0
2026-08-22T11:25:18Z,2026-08-22T11:33:05.272Z,1e00000990,141.6190465,42.6440832,107,0
2026-08-22T11:28:15Z,2026-08-22T12:36:05.108Z,1e00000990,141.6188933,42.6441084,80,0
2026-08-22T11:36:16Z,2026-08-22T12:36:05.108Z,1e00000990,141.6186596,42.6437202,40,0
2026-08-22T11:40:17Z,2026-08-22T12:36:05.108Z,1e00000990,141.6119886,42.6389127,193,0
2026-08-22T11:45:19Z,2026-08-22T12:36:05.108Z,1e00000990,141.6187779,42.6438477,27,0
2026-08-22T11:57:18Z,2026-08-22T12:36:05.108Z,1e00000990,141.6184496,42.6430746,127,0
2026-08-22T11:57:19Z,2026-08-22T12:36:05.108Z,1e00000990,141.618812,42.6439526,32,0
2026-08-22T12:07:18Z,2026-08-22T12:36:05.108Z,1e00000990,141.6186005,42.6437456,22,0
2026-08-22T12:33:16Z,2026-08-22T13:41:04.885Z,1e00000990,141.6187948,42.6441167,47,0
2026-08-22T12:36:18Z,2026-08-22T13:41:04.885Z,1e00000990,141.6190067,42.64353,54,0
2026-08-22T12:50:16Z,2026-08-22T13:41:04.885Z,1e00000990,141.6188071,42.6446265,21,0
2026-08-22T13:00:19Z,2026-08-22T13:41:04.885Z,1e00000990,141.6191813,42.6441456,67,0
2026-08-22T13:05:16Z,2026-08-22T13:41:04.885Z,1e00000990,141.6191429,42.643579,65,0
2026-08-22T13:05:19Z,2026-08-22T13:41:04.885Z,1e00000990,141.6191072,42.6437159,62,0
2026-08-22T13:07:48Z,2026-08-22T13:41:04.885Z,1e00000990,141.6174405,42.6477181,22,0
2026-08-22T13:33:18Z,2026-08-22T13:41:04.885Z,1e00000990,141.6183845,42.6452285,122,0
2026-08-22T13:49:19Z,2026-08-22T14:39:05.467Z,1e00000990,141.6187915,42.6441188,46,0
2026-08-22T13:51:19Z,2026-08-22T14:39:05.467Z,1e00000990,141.6184612,42.6437138,94,0
2026-08-22T13:54:16Z,2026-08-22T14:39:05.467Z,1e00000990,141.6187866,42.643963,43,0
2026-08-22T13:59:19Z,2026-08-22T14:39:05.467Z,1e00000990,141.6188454,42.6439058,88,0
2026-08-22T14:03:16Z,2026-08-22T15:35:05.182Z,1e00000990,141.6186068,42.6438171,88,0
2026-08-22T14:10:16Z,2026-08-22T15:35:05.182Z,1e00000990,141.6175777,42.6441872,64,0
2026-08-22T14:10:19Z,2026-08-22T15:35:05.182Z,1e00000990,141.6175777,42.6441872,65,0
2026-08-22T14:11:19Z,2026-08-22T15:35:05.182Z,1e00000990,141.6187982,42.6441199,45,0
2026-08-22T14:34:17Z,2026-08-22T15:35:05.182Z,1e00000990,141.6187343,42.6439292,137,0
2026-08-22T14:35:16Z,2026-08-22T15:35:05.182Z,1e00000990,141.6187984,42.6441179,46,0
2026-08-22T14:53:17Z,2026-08-22T15:35:05.182Z,1e00000990,141.6188138,42.6441143,42,0
2026-08-22T15:09:16Z,2026-08-22T15:35:05.182Z,1e00000990,141.6175948,42.6442798,69,0
2026-08-22T15:46:19Z,2026-08-22T16:46:04.926Z,1e00000990,141.6188162,42.6441176,46,0
2026-08-22T15:54:19Z,2026-08-22T16:46:04.926Z,1e00000990,141.6184219,42.6461852,153,0
2026-08-22T15:59:18Z,2026-08-22T16:46:04.926Z,1e00000990,141.6188032,42.6441226,47,0
2026-08-22T16:01:20Z,2026-08-22T16:46:04.926Z,1e00000990,141.6184377,42.6435577,112,0
2026-08-22T16:02:18Z,2026-08-22T16:46:04.926Z,1e00000990,141.6185634,42.6437396,27,0
2026-08-22T16:04:20Z,2026-08-22T18:57:05.844Z,1e00000990,141.6185131,42.6433377,119,0
2026-08-22T16:12:18Z,2026-08-22T18:57:05.844Z,1e00000990,141.6175281,42.6442667,61,0
2026-08-22T16:15:20Z,2026-08-22T19:57:05.601Z,1e00000990,141.6187896,42.644126,46,0
2026-08-22T16:27:20Z,2026-08-22T19:57:05.601Z,1e00000990,141.6188233,42.6441605,97,0
2026-08-22T16:32:20Z,2026-08-22T19:57:05.601Z,1e00000990,141.6175281,42.6442667,65,0
2026-08-22T16:39:17Z,2026-08-22T19:57:05.601Z,1e00000990,141.6186533,42.6430767,84,0
2026-08-22T17:10:18Z,2026-08-22T19:57:05.601Z,1e00000990,141.6184918,42.6432462,154,0
2026-08-22T17:37:18Z,2026-08-22T19:57:05.601Z,1e00000990,141.618517,42.6435243,155,0
2026-08-22T17:38:17Z,2026-08-22T19:57:05.601Z,1e00000990,141.6188396,42.6441282,107,0
2026-08-22T18:45:20Z,2026-08-22T19:57:05.601Z,1e00000990,141.6189355,42.6438759,99,0
2026-08-22T20:35:21Z,2026-08-22T21:00:06.085Z,1e00000990,141.6187293,42.646706,19,0
2026-08-22T20:37:18Z,2026-08-22T21:00:06.085Z,1e00000990,141.6186181,42.6467382,65,0
2026-08-22T20:40:21Z,2026-08-22T21:00:06.085Z,1e00000990,141.6186178,42.6467382,79,0
2026-08-22T20:42:21Z,2026-08-22T21:00:06.085Z,1e00000990,141.6188264,42.6467981,48,0
2026-08-22T20:46:20Z,2026-08-22T21:00:06.085Z,1e00000990,141.6188264,42.6467981,82,0
2026-08-22T20:50:23Z,2026-08-22T21:00:06.085Z,1e00000990,141.6187135,42.6467134,19,0
2026-08-22T20:51:20Z,2026-08-22T21:00:06.085Z,1e00000990,141.618618,42.6467382,82,0
2026-08-22T20:53:20Z,2026-08-22T21:00:06.085Z,1e00000990,141.6187997,42.6467955,72,0
2026-08-22T21:12:18Z,2026-08-22T21:59:05.792Z,1e00000990,141.6187947,42.6467948,40,0
2026-08-22T21:14:18Z,2026-08-22T21:59:05.792Z,1e00000990,141.6188753,42.6467553,63,0
2026-08-22T21:16:20Z,2026-08-22T21:59:05.792Z,1e00000990,141.6187947,42.6467948,74,0
2026-08-22T21:19:20Z,2026-08-22T21:59:05.792Z,1e00000990,141.6187947,42.6467948,77,0
2026-08-22T21:20:21Z,2026-08-22T21:59:05.792Z,1e00000990,141.6187289,42.6466157,63,0
2026-08-22T21:20:39Z,2026-08-22T21:59:05.792Z,1e00000990,141.618721,42.6467048,19,0
2026-08-22T21:29:18Z,2026-08-22T21:59:05.792Z,1e00000990,141.6191455,42.6464626,84,0
2026-08-22T21:31:26Z,2026-08-22T21:59:05.792Z,1e00000990,141.6189422,42.646727,29,0
2026-08-22T22:06:25Z,2026-08-22T23:03:04.759Z,1e00000990,141.6220851,42.6467349,104,0
2026-08-22T22:11:18Z,2026-08-22T23:03:04.759Z,1e00000990,141.6215767,42.6463242,31,0
2026-08-22T22:13:18Z,2026-08-22T23:03:04.759Z,1e00000990,141.6215767,42.6463242,35,0
2026-08-22T22:15:33Z,2026-08-22T23:03:04.759Z,1e00000990,141.6218916,42.646686,94,0
2026-08-22T22:18:21Z,2026-08-22T23:03:04.759Z,1e00000990,141.6215665,42.6463191,35,0
2026-08-22T22:36:19Z,2026-08-22T23:03:04.759Z,1e00000990,141.6188568,42.6467504,52,0
2026-08-22T22:39:22Z,2026-08-23T00:01:10.418Z,1e00000990,141.6188751,42.646758,67,0
2026-08-22T22:41:19Z,2026-08-23T01:09:08.392Z,1e00000990,141.6187445,42.6467242,20,0
2026-08-22T22:42:19Z,2026-08-23T01:09:08.392Z,1e00000990,141.6187446,42.6467241,19,0
2026-08-22T22:43:19Z,2026-08-23T01:09:08.392Z,1e00000990,141.6187446,42.6467239,19,0
2026-08-22T22:44:37Z,2026-08-23T01:09:08.392Z,1e00000990,141.6193435,42.6476635,32,0
2026-08-22T23:45:21Z,2026-08-23T02:15:09.033Z,1e00000990,141.6215118,42.6463123,52,0
2026-08-22T23:46:19Z,2026-08-23T02:15:09.033Z,1e00000990,141.6215208,42.6463095,49,0
2026-08-22T23:50:22Z,2026-08-23T02:15:09.033Z,1e00000990,141.6215343,42.646295,44,0
2026-08-22T23:58:19Z,2026-08-23T03:19:05.431Z,1e00000990,141.6215438,42.6463337,24,0
2026-08-23T01:01:20Z,2026-08-23T03:19:05.431Z,1e00000990,141.6182207,42.6479303,120,0
2026-08-23T01:01:22Z,2026-08-23T03:19:05.431Z,1e00000990,141.6182207,42.6479303,121,0
2026-08-23T01:26:22Z,2026-08-23T04:19:05.193Z,1e00000990,141.620287,42.6478029,39,0
2026-08-23T02:00:19Z,2026-08-23T05:30:05.47Z,1e00000990,141.6188368,42.6485355,57,0
2026-08-23T02:22:19Z,2026-08-23T05:30:05.47Z,1e00000990,141.6188231,42.6483841,35,0
2026-08-23T02:29:22Z,2026-08-23T05:30:05.47Z,1e00000990,141.6206281,42.6486952,61,0
2026-08-23T02:30:22Z,2026-08-23T06:38:05.468Z,1e00000990,141.6206281,42.6486952,59,0
2026-08-23T02:31:21Z,2026-08-23T06:38:05.468Z,1e00000990,141.6206281,42.6486952,59,0
2026-08-23T03:24:20Z,2026-08-23T06:38:05.468Z,1e00000990,141.6185861,42.648137,80,0
2026-08-23T03:27:23Z,2026-08-23T07:48:05.569Z,1e00000990,141.6187763,42.6483826,43,0
2026-08-23T04:03:21Z,2026-08-23T08:48:05.467Z,1e00000990,141.6185864,42.6481366,79,0
2026-08-23T04:21:22Z,2026-08-23T08:48:05.467Z,1e00000990,141.6185861,42.6481369,57,0
2026-08-23T04:22:23Z,2026-08-23T08:48:05.467Z,1e00000990,141.6185861,42.6481369,57,0
2026-08-23T04:42:22Z,2026-08-23T08:48:05.467Z,1e00000990,141.6185861,42.648137,53,0
2026-08-23T06:43:24Z,2026-08-23T08:48:05.467Z,1e00000990,141.6202761,42.6473114,105,0
2026-08-23T07:24:21Z,2026-08-23T08:48:05.467Z,1e00000990,141.6212645,42.6458101,68,0
2026-08-23T07:24:23Z,2026-08-23T09:47:05.34Z,1e00000990,141.6215215,42.6463692,75,0
2026-08-23T08:18:23Z,2026-08-23T09:47:05.34Z,1e00000990,141.6211966,42.645931,96,0
2026-08-23T09:19:21Z,2026-08-23T09:47:05.34Z,1e00000990,141.6180483,42.6429885,152,0
2026-08-23T09:20:24Z,2026-08-23T09:47:05.34Z,1e00000990,141.6189554,42.6442937,141,0
2026-08-23T09:23:22Z,2026-08-23T09:47:05.34Z,1e00000990,141.6184798,42.6442315,143,0
2026-08-23T09:34:23Z,2026-08-23T09:47:05.34Z,1e00000990,141.6193219,42.6439704,103,0
2026-08-23T09:36:25Z,2026-08-23T09:47:05.34Z,1e00000990,141.6185342,42.6437058,106,0
2026-08-23T10:13:24Z,2026-08-23T10:44:06.304Z,1e00000990,141.6182128,42.6438889,47,0
2026-08-23T10:16:25Z,2026-08-23T10:44:06.304Z,1e00000990,141.6185318,42.6439968,102,0
2026-08-23T10:17:22Z,2026-08-23T10:44:06.304Z,1e00000990,141.6182193,42.6438891,48,0
2026-08-23T10:18:24Z,2026-08-23T10:44:06.304Z,1e00000990,141.6182193,42.6438891,50,0
2026-08-23T10:24:24Z,2026-08-23T10:44:06.304Z,1e00000990,141.6188996,42.6440518,174,0
2026-08-23T10:28:23Z,2026-08-23T10:44:06.304Z,1e00000990,141.6186555,42.643786,45,0
2026-08-23T10:28:25Z,2026-08-23T11:43:05.918Z,1e00000990,141.6186797,42.643745,34,0
2026-08-23T10:30:22Z,2026-08-23T11:43:05.918Z,1e00000990,141.6175876,42.644294,59,0
2026-08-23T10:33:24Z,2026-08-23T11:43:05.918Z,1e00000990,141.6182776,42.6438932,31,0
2026-08-23T10:37:22Z,2026-08-23T11:43:05.918Z,1e00000990,141.6184251,42.6437221,110,0
2026-08-23T10:37:35Z,2026-08-23T11:43:05.918Z,1e00000990,141.6131956,42.6398984,151,0
2026-08-23T10:44:24Z,2026-08-23T11:43:05.918Z,1e00000990,141.6186712,42.6435006,44,0
2026-08-23T11:20:22Z,2026-08-23T11:43:05.918Z,1e00000990,141.6187517,42.6437923,52,0
2026-08-23T11:21:24Z,2026-08-23T11:43:05.918Z,1e00000990,141.6185795,42.6434885,19,0
2026-08-23T11:38:38Z,2026-08-23T12:41:06.074Z,1e00000990,141.6182812,42.6435074,108,0
2026-08-23T11:48:23Z,2026-08-23T12:41:06.074Z,1e00000990,141.6199553,42.6443461,44,0
2026-08-23T11:52:22Z,2026-08-23T12:41:06.074Z,1e00000990,141.6186998,42.6438125,72,0
2026-08-23T11:52:25Z,2026-08-23T12:41:06.074Z,1e00000990,141.6186487,42.6436866,72,0
2026-08-23T11:59:23Z,2026-08-23T12:41:06.074Z,1e00000990,141.6184481,42.6432128,170,0
2026-08-23T11:59:24Z,2026-08-23T13:34:05.933Z,1e00000990,141.6186343,42.6438993,23,0
2026-08-23T12:18:22Z,2026-08-23T13:34:05.933Z,1e00000990,141.6188226,42.64393,29,0
2026-08-23T12:18:24Z,2026-08-23T13:34:05.933Z,1e00000990,141.6187491,42.6437727,29,0
2026-08-23T12:43:24Z,2026-08-23T13:34:05.933Z,1e00000990,141.6188477,42.6438673,137,0
2026-08-23T12:52:22Z,2026-08-23T13:34:05.933Z,1e00000990,141.6183809,42.6434179,30,0
2026-08-23T13:05:26Z,2026-08-23T13:34:05.933Z,1e00000990,141.6180336,42.6434861,167,0
2026-08-23T13:08:29Z,2026-08-23T13:34:05.933Z,1e00000990,141.6147701,42.652051,19,0
2026-08-23T13:23:25Z,2026-08-23T14:42:04.627Z,1e00000990,141.6186209,42.6437935,117,0
2026-08-23T13:47:26Z,2026-08-23T16:42:05.681Z,1e00000990,141.6185442,42.6436152,95,0
2026-08-23T13:56:25Z,2026-08-23T16:42:05.681Z,1e00000990,141.6187152,42.6440677,47,0
2026-08-23T14:03:23Z,2026-08-23T17:48:04.903Z,1e00000990,141.6184543,42.6435004,44,0
2026-08-23T14:14:24Z,2026-08-23T17:48:04.903Z,1e00000990,141.6185699,42.6437286,20,0
2026-08-23T14:21:24Z,2026-08-23T17:48:04.903Z,1e00000990,141.6183244,42.6436609,78,0
2026-08-23T14:26:23Z,2026-08-23T18:50:05.192Z,1e00000990,141.6199067,42.6444745,141,0
2026-08-23T14:28:25Z,2026-08-23T18:50:05.192Z,1e00000990,141.6187061,42.6442395,71,0
2026-08-23T17:11:27Z,2026-08-23T18:50:05.192Z,1e00000990,141.6188306,42.6439542,27,0
2026-08-23T17:40:24Z,2026-08-23T20:00:05.695Z,1e00000990,141.6189379,42.6441752,28,0
2026-08-23T17:47:26Z,2026-08-23T20:00:05.695Z,1e00000990,141.6186272,42.6434818,69,0
2026-08-23T17:57:26Z,2026-08-23T20:00:05.695Z,1e00000990,141.6189025,42.6441817,20,0
2026-08-23T18:03:25Z,2026-08-23T20:00:05.695Z,1e00000990,141.6189096,42.64418,20,0
2026-08-23T18:13:24Z,2026-08-23T20:00:05.695Z,1e00000990,141.618913,42.6441769,22,0
2026-08-23T18:24:26Z,2026-08-23T20:00:05.695Z,1e00000990,141.6186314,42.643705,178,0
2026-08-23T18:25:53Z,2026-08-23T20:00:05.695Z,1e00000990,141.6184999,42.6432919,65,0
2026-08-23T19:03:27Z,2026-08-23T20:59:05.529Z,1e00000990,141.6157736,42.641449,176,0
2026-08-23T19:52:24Z,2026-08-23T20:59:05.529Z,1e00000990,141.6189678,42.6441509,27,0
2026-08-23T20:03:23Z,2026-08-23T23:04:05.2Z,1e00000990,141.6179359,42.6447235,61,0
2026-08-23T20:05:26Z,2026-08-23T23:04:05.2Z,1e00000990,141.6189581,42.6441584,27,0
2026-08-23T20:11:26Z,2026-08-24T03:21:05.785Z,1e00000990,141.6185882,42.6435287,26,0
2026-08-23T20:27:26Z,2026-08-24T03:21:05.785Z,1e00000990,141.6188145,42.6444545,151,0
2026-08-23T20:34:28Z,2026-08-24T06:37:04.975Z,1e00000990,141.6189343,42.6441846,50,0
2026-08-23T20:40:27Z,2026-08-24T06:37:04.975Z,1e00000990,141.6189397,42.6441882,46,0
2026-08-23T21:03:25Z,2026-08-24T06:37:04.975Z,1e00000990,141.6193003,42.6456363,75,0
2026-08-23T22:47:26Z,2026-08-24T06:37:04.975Z,1e00000990,141.6192416,42.6469767,55,0
2026-08-23T22:47:27Z,2026-08-24T06:37:04.975Z,1e00000990,141.6144537,42.6470999,187,0
2026-08-24T03:29:27Z,2026-08-24T07:38:04.685Z,1e00000990,141.6203324,42.6477778,85,0
2026-08-24T06:40:28Z,2026-08-24T07:38:04.685Z,1e00000990,141.6191581,42.647238,155,0
2026-08-24T06:41:30Z,2026-08-24T07:38:04.685Z,1e00000990,141.6201421,42.6480287,104,0
2026-08-24T06:42:53Z,2026-08-24T07:38:04.685Z,1e00000990,141.6163278,42.645753,170,0
2026-08-24T07:08:28Z,2026-08-24T08:36:05.715Z,1e00000990,141.6254466,42.6496524,181,0
2026-08-24T07:08:29Z,2026-08-24T08:36:05.715Z,1e00000990,141.6196839,42.6472626,40,0
2026-08-24T07:08:30Z,2026-08-24T08:36:05.715Z,1e00000990,141.6264165,42.648712,193,0
2026-08-24T07:32:30Z,2026-08-24T08:36:05.715Z,1e00000990,141.6202026,42.6477956,48,0
2026-08-24T07:38:29Z,2026-08-24T09:38:05.973Z,1e00000990,141.6215204,42.6478526,132,0
2026-08-24T07:58:31Z,2026-08-24T09:38:05.973Z,1e00000990,141.6199694,42.647188,46,0
2026-08-24T09:01:28Z,2026-08-24T09:38:05.973Z,1e00000990,141.6197315,42.6477116,75,0
2026-08-24T09:14:31Z,2026-08-24T09:38:05.973Z,1e00000990,141.6193638,42.6463775,70,0
2026-08-24T09:17:30Z,2026-08-24T09:38:05.973Z,1e00000990,141.6186175,42.6436815,40,0
2026-08-24T09:19:20Z,2026-08-24T09:38:05.973Z,1e00000990,141.612103,42.6391736,93,0
2026-08-24T09:19:30Z,2026-08-24T09:38:05.973Z,1e00000990,141.6179359,42.6447235,38,0
2026-08-24T09:23:31Z,2026-08-24T09:38:05.973Z,1e00000990,141.6188199,42.6440084,31,0
2026-08-24T10:17:29Z,2026-08-24T10:48:05.254Z,1e00000990,141.6177343,42.6428298,116,0
2026-08-24T10:23:28Z,2026-08-24T10:48:05.254Z,1e00000990,141.6182854,42.6433088,129,0
2026-08-24T10:24:29Z,2026-08-24T10:48:05.254Z,1e00000990,141.6187535,42.6438765,108,0
2026-08-24T10:25:30Z,2026-08-24T10:48:05.254Z,1e00000990,141.6186822,42.6439001,39,0
2026-08-24T10:29:29Z,2026-08-24T10:48:05.254Z,1e00000990,141.6187308,42.6440252,115,0
2026-08-24T10:34:30Z,2026-08-24T10:48:05.254Z,1e00000990,141.618736,42.6434322,42,0
2026-08-24T10:48:29Z,2026-08-24T11:48:04.837Z,1e00000990,141.6177377,42.6431919,96,0
2026-08-24T10:52:30Z,2026-08-24T11:48:04.837Z,1e00000990,141.6188176,42.6442512,20,0
2026-08-24T11:06:28Z,2026-08-24T22:14:04.99Z,1e00000990,141.6176618,42.6441954,62,0
2026-08-24T11:09:28Z,2026-08-25T03:23:07.331Z,1e00000990,141.6187994,42.6446158,146,0
2026-08-24T11:10:31Z,2026-08-25T05:32:05.218Z,1e00000990,141.6176604,42.644196,72,0
2026-08-24T11:11:29Z,2026-08-25T05:32:05.218Z,1e00000990,141.6187162,42.6436958,19,0
2026-08-24T11:14:31Z,2026-08-25T05:32:05.218Z,1e00000990,141.61849,42.6432999,19,0
2026-08-24T11:19:29Z,2026-08-25T05:32:05.218Z,1e00000990,141.5961997,42.6296189,156,0
2026-08-24T11:19:31Z,2026-08-25T07:29:05.155Z,1e00000990,141.618847,42.643977,152,0
2026-08-24T11:33:16Z,2026-08-25T07:29:05.155Z,1e00000990,141.6163059,42.6416478,20,0
2026-08-24T22:48:32Z,2026-08-25T08:31:04.205Z,1e00000990,141.6186757,42.6478424,45,0
2026-08-24T23:03:32Z,2026-08-25T08:31:04.205Z,1e00000990,141.6187899,42.6484223,29,0
2026-08-25T05:27:36Z,2026-08-25T08:31:04.205Z,1e00000990,141.6186514,42.6466952,179,0
2026-08-25T05:28:34Z,2026-08-25T10:36:04.411Z,1e00000990,141.6200657,42.6474481,85,0
2026-08-25T05:39:36Z,2026-08-25T21:13:05.68Z,1e00000990,141.6202896,42.6478082,36,0
2026-08-25T05:58:36Z,2026-08-26T21:00:04.995Z,1e00000990,141.6202658,42.6478218,30,0
2026-08-25T06:38:34Z,2026-08-26T21:00:04.995Z,1e00000990,141.6200635,42.6472596,34,0
2026-08-25T07:18:34Z,2026-08-26T21:00:04.995Z,1e00000990,141.6195165,42.6474054,138,0
2026-08-25T07:47:36Z,2026-08-26T21:00:04.995Z,1e00000990,141.6201197,42.6472653,52,0
2026-08-25T08:14:43Z,2026-08-26T21:00:04.995Z,1e00000990,141.6097257,42.6437311,23,0
2026-08-25T08:49:36Z,2026-08-27T00:35:04.55Z,1e00000990,141.6197144,42.6471208,48,0
2026-08-25T21:14:40Z,2026-08-27T01:26:09.097Z,1e00000990,141.618718,42.6478761,37,0
2026-08-26T21:08:46Z,2026-08-27T01:26:09.097Z,1e00000990,141.6212192,42.6459267,42,0
2026-08-26T21:10:46Z,2026-08-27T01:26:09.097Z,1e00000990,141.6212185,42.645927,45,0
2026-08-26T21:13:45Z,2026-08-27T01:26:09.097Z,1e00000990,141.6212692,42.6458253,48,0
2026-08-26T21:15:48Z,2026-08-27T05:02:05.214Z,1e00000990,141.6212667,42.645821,86,0
2026-08-26T21:16:48Z,2026-08-27T20:29:04.832Z,1e00000990,141.6212315,42.6458586,33,0
2026-08-26T21:18:48Z,2026-08-27T21:27:05.717Z,1e00000990,141.6213032,42.6453525,75,0
2026-08-27T01:11:46Z,2026-08-27T21:27:05.717Z,1e00000990,141.6203243,42.6478279,54,0
2026-08-27T01:25:49Z,2026-08-27T21:27:05.717Z,1e00000990,141.620324,42.6478278,56,0
2026-08-27T01:29:49Z,2026-08-27T21:27:05.717Z,1e00000990,141.620324,42.6478278,56,0
2026-08-27T01:35:48Z,2026-08-27T21:27:05.717Z,1e00000990,141.6203238,42.6478278,56,0
2026-08-27T01:39:46Z,2026-08-27T21:27:05.717Z,1e00000990,141.6203237,42.6478278,57,0
2026-08-27T05:33:49Z,2026-08-27T21:27:05.717Z,1e00000990,141.6199847,42.6473457,112,0
2026-08-27T21:03:51Z,2026-08-27T22:27:05.334Z,1e00000990,141.618393,42.6433326,23,0
2026-08-27T21:03:53Z,2026-08-27T22:27:05.334Z,1e00000990,141.6184614,42.6434323,27,0
2026-08-27T21:05:53Z,2026-08-27T22:27:05.334Z,1e00000990,141.6185959,42.6436467,35,0
2026-08-27T21:14:51Z,2026-08-27T22:27:05.334Z,1e00000990,141.618164,42.6443786,200,0
2026-08-27T21:15:54Z,2026-08-27T22:27:05.334Z,1e00000990,141.6187989,42.6438152,19,0
2026-08-27T21:54:52Z,2026-08-27T22:27:05.334Z,1e00000990,141.6198662,42.6454709,104,0
2026-08-27T22:21:51Z,2026-08-27T22:27:05.334Z,1e00000990,141.6211636,42.6456305,75,0
2026-08-27T22:22:54Z,2026-08-27T22:27:05.334Z,1e00000990,141.6211636,42.6456305,75,0
2026-08-27T22:35:53Z,2026-08-27T23:35:05.254Z,1e00000990,141.6211636,42.6456305,75,0
2026-08-27T22:37:51Z,2026-08-27T23:35:05.254Z,1e00000990,141.6212524,42.6454369,48,0
2026-08-27T22:41:52Z,2026-08-27T23:35:05.254Z,1e00000990,141.6211636,42.6456305,75,0
2026-08-27T22:44:52Z,2026-08-28T00:33:05.551Z,1e00000990,141.6211636,42.6456305,75,0
2026-08-27T22:48:54Z,2026-08-28T00:33:05.551Z,1e00000990,141.6211855,42.6453649,51,0
2026-08-27T22:50:55Z,2026-08-28T00:33:05.551Z,1e00000990,141.6212604,42.6453445,82,0
2026-08-27T22:52:54Z,2026-08-28T00:33:05.551Z,1e00000990,141.6211636,42.6456305,75,0
2026-08-27T22:54:54Z,2026-08-28T02:39:06.09Z,1e00000990,141.6212916,42.6453862,82,0
2026-08-27T23:23:53Z,2026-08-28T02:39:06.09Z,1e00000990,141.6218294,42.647968,96,0
2026-08-27T23:36:53Z,2026-08-28T03:39:05.356Z,1e00000990,141.6227708,42.6477618,42,0
2026-08-27T23:50:53Z,2026-08-28T03:39:05.356Z,1e00000990,141.626356,42.6488207,87,0
2026-08-28T00:55:55Z,2026-08-28T03:39:05.356Z,1e00000990,141.6243286,42.6485328,128,0
2026-08-28T01:01:54Z,2026-08-28T03:39:05.356Z,1e00000990,141.626194,42.6482474,190,0
2026-08-28T01:02:52Z,2026-08-28T06:34:05.247Z,1e00000990,141.6249611,42.6486201,97,0
2026-08-28T03:04:55Z,2026-08-28T06:34:05.247Z,1e00000990,141.6246268,42.6485149,144,0
2026-08-28T03:07:55Z,2026-08-28T06:34:05.247Z,1e00000990,141.6272421,42.6483445,90,0
2026-08-28T03:13:54Z,2026-08-28T06:34:05.247Z,1e00000990,141.6248435,42.6484476,150,0
2026-08-28T03:21:43Z,2026-08-28T08:43:05.766Z,1e00000990,141.6250075,42.6483727,73,0
2026-08-28T03:35:54Z,2026-08-28T08:43:05.766Z,1e00000990,141.6257222,42.6478056,107,0
2026-08-28T03:39:55Z,2026-08-28T08:43:05.766Z,1e00000990,141.6229183,42.6478021,69,0
2026-08-28T06:48:54Z,2026-08-28T08:43:05.766Z,1e00000990,141.6195965,42.6483212,29,0
2026-08-28T06:50:31Z,2026-08-28T08:43:05.766Z,1e00000990,141.6191478,42.64854,41,0
2026-08-28T06:51:54Z,2026-08-28T08:43:05.766Z,1e00000990,141.6190401,42.6484991,74,0
2026-08-28T06:58:48Z,2026-08-28T08:43:05.766Z,1e00000990,141.6191598,42.6485387,41,0
2026-08-28T06:58:56Z,2026-08-28T08:43:05.766Z,1e00000990,141.6199702,42.6488348,106,0
2026-08-28T09:00:55Z,2026-08-28T09:37:05.738Z,1e00000990,141.6201451,42.647886,97,0
2026-08-28T09:03:54Z,2026-08-28T09:37:05.738Z,1e00000990,141.6200715,42.6474138,157,0
2026-08-28T09:05:54Z,2026-08-28T09:37:05.738Z,1e00000990,141.6199923,42.647811,57,0
2026-08-28T09:05:55Z,2026-08-28T09:37:05.738Z,1e00000990,141.6184085,42.6472439,143,0
2026-08-28T09:07:54Z,2026-08-28T09:37:05.738Z,1e00000990,141.6204197,42.6473185,69,0
2026-08-28T09:08:55Z,2026-08-28T09:37:05.738Z,1e00000990,141.6184278,42.6467126,173,0
2026-08-28T09:24:54Z,2026-08-28T09:37:05.738Z,1e00000990,141.6188159,42.6432739,38,0
2026-08-28T09:25:55Z,2026-08-28T09:37:05.738Z,1e00000990,141.618686,42.6436255,44,0
2026-08-28T10:15:58Z,2026-08-28T10:38:05.943Z,1e00000990,141.6188062,42.6433736,108,0
2026-08-28T10:19:58Z,2026-08-28T10:38:05.943Z,1e00000990,141.6186075,42.6434824,32,0
2026-08-28T10:20:55Z,2026-08-28T10:38:05.943Z,1e00000990,141.6182518,42.6432144,185,0
2026-08-28T10:21:55Z,2026-08-28T10:38:05.943Z,1e00000990,141.6186704,42.643534,47,0
2026-08-28T10:22:55Z,2026-08-28T10:38:05.943Z,1e00000990,141.6187461,42.6438437,51,0
2026-08-28T10:22:58Z,2026-08-28T10:38:05.943Z,1e00000990,141.6186629,42.6436738,20,0
2026-08-28T10:23:56Z,2026-08-28T10:38:05.943Z,1e00000990,141.618243,42.6433634,121,0
2026-08-28T11:03:56Z,2026-08-28T12:50:05.052Z,1e00000990,141.6189688,42.6433603,61,0
2026-08-28T11:05:55Z,2026-08-28T20:03:05.789Z,1e00000990,141.6188677,42.6433847,21,0
2026-08-28T11:07:06Z,2026-08-29T01:14:05.667Z,1e00000990,141.6210097,42.6449875,169,0
2026-08-28T11:08:56Z,2026-08-29T01:14:05.667Z,1e00000990,141.618742,42.6438572,58,0
2026-08-28T11:11:55Z,2026-08-29T01:14:05.667Z,1e00000990,141.6188002,42.6431946,71,0
2026-08-28T11:11:58Z,2026-08-29T01:14:05.667Z,1e00000990,141.6185785,42.6437317,36,0
2026-08-28T11:12:56Z,2026-08-29T01:14:05.667Z,1e00000990,141.6186266,42.6435092,27,0
2026-08-28T11:14:57Z,2026-08-29T01:14:05.667Z,1e00000990,141.6187104,42.6439277,144,0
2026-08-28T11:14:58Z,2026-08-29T01:14:05.667Z,1e00000990,141.6174149,42.647383,129,0
2026-08-29T00:46:02Z,2026-08-29T02:10:04.95Z,1e00000990,141.621549,42.6475673,133,0
2026-08-29T01:05:59Z,2026-08-29T02:10:04.95Z,1e00000990,141.6194606,42.6483118,103,0
2026-08-29T01:07:00Z,2026-08-29T02:10:04.95Z,1e00000990,141.6192835,42.6484208,31,0
2026-08-29T01:24:00Z,2026-08-29T02:10:04.95Z,1e00000990,141.6193672,42.6484796,102,0
2026-08-29T01:45:01Z,2026-08-29T02:10:04.95Z,1e00000990,141.6192841,42.648423,70,0
2026-08-29T01:47:01Z,2026-08-29T02:10:04.95Z,1e00000990,141.6192841,42.648423,70,0
2026-08-29T01:50:01Z,2026-08-29T02:10:04.95Z,1e00000990,141.6192841,42.648423,71,0
2026-08-29T01:55:59Z,2026-08-29T03:12:05.402Z,1e00000990,141.6192839,42.648423,60,0
2026-08-29T01:56:02Z,2026-08-29T03:12:05.402Z,1e00000990,141.6192839,42.648423,60,0
2026-08-29T01:59:02Z,2026-08-29T04:17:04.708Z,1e00000990,141.6191397,42.6486719,42,0
2026-08-29T02:13:59Z,2026-08-29T04:17:04.708Z,1e00000990,141.6187528,42.6484115,65,0
2026-08-29T02:14:59Z,2026-08-29T04:17:04.708Z,1e00000990,141.6187528,42.6484115,65,0
2026-08-29T02:15:01Z,2026-08-29T04:17:04.708Z,1e00000990,141.6184935,42.6481707,27,0
2026-08-29T02:16:59Z,2026-08-29T05:27:05.6Z,1e00000990,141.6187528,42.6484115,62,0
2026-08-29T02:17:02Z,2026-08-29T05:27:05.6Z,1e00000990,141.6187528,42.6484115,62,0
2026-08-29T02:56:59Z,2026-08-29T05:27:05.6Z,1e00000990,141.6188537,42.6485561,69,0
2026-08-29T03:30:02Z,2026-08-29T05:27:05.6Z,1e00000990,141.6191166,42.6485603,40,0
2026-08-29T04:41:01Z,2026-08-29T05:27:05.6Z,1e00000990,141.6191095,42.6484765,80,0
2026-08-29T04:53:00Z,2026-08-29T05:27:05.6Z,1e00000990,141.6192781,42.6483739,102,0
2026-08-29T05:11:00Z,2026-08-29T05:27:05.6Z,1e00000990,141.6192882,42.6484342,102,0
2026-08-29T05:12:03Z,2026-08-29T05:27:05.6Z,1e00000990,141.6192882,42.6484342,102,0
2026-08-29T05:26:01Z,2026-08-29T07:30:05.895Z,1e00000990,141.61937,42.648416,102,0
2026-08-29T05:27:03Z,2026-08-29T08:30:05.89Z,1e00000990,141.61937,42.648416,102,0
2026-08-29T05:31:03Z,2026-08-29T08:30:05.89Z,1e00000990,141.61937,42.648416,102,0
2026-08-29T05:33:01Z,2026-08-29T08:30:05.89Z,1e00000990,141.61937,42.648416,102,0
2026-08-29T05:38:01Z,2026-08-29T08:30:05.89Z,1e00000990,141.619123,42.6485966,72,0
2026-08-29T05:40:02Z,2026-08-29T08:30:05.89Z,1e00000990,141.6191111,42.648487,77,0
2026-08-29T05:41:03Z,2026-08-29T09:28:04.794Z,1e00000990,141.6191108,42.648487,77,0
2026-08-29T05:54:01Z,2026-08-29T09:28:04.794Z,1e00000990,141.6193655,42.6484498,102,0
2026-08-29T08:23:04Z,2026-08-29T09:28:04.794Z,1e00000990,141.6193638,42.6470388,29,0
2026-08-29T08:25:08Z,2026-08-29T09:28:04.794Z,1e00000990,141.6113394,42.6388869,187,0
2026-08-29T08:57:03Z,2026-08-29T09:28:04.794Z,1e00000990,141.619603,42.6471309,19,0
2026-08-29T09:06:01Z,2026-08-29T09:28:04.794Z,1e00000990,141.6190279,42.6467413,68,0
2026-08-29T09:11:04Z,2026-08-29T09:28:04.794Z,1e00000990,141.6182267,42.6433157,108,0
2026-08-29T09:22:01Z,2026-08-29T09:28:04.794Z,1e00000990,141.6184964,42.6433102,26,0
2026-08-29T09:49:04Z,2026-08-29T10:29:05.07Z,1e00000990,141.6189158,42.6449079,157,0
2026-08-29T09:52:01Z,2026-08-29T10:29:05.07Z,1e00000990,141.6188302,42.6431801,78,0
2026-08-29T09:58:01Z,2026-08-29T10:29:05.07Z,1e00000990,141.618463,42.6431481,130,0
2026-08-29T09:58:04Z,2026-08-29T10:29:05.07Z,1e00000990,141.6184415,42.6430926,143,0
2026-08-29T10:05:03Z,2026-08-29T10:29:05.07Z,1e00000990,141.6180526,42.6429209,117,0
2026-08-29T10:06:02Z,2026-08-29T10:29:05.07Z,1e00000990,141.6187187,42.6440304,19,0
2026-08-29T10:14:02Z,2026-08-29T10:29:05.07Z,1e00000990,141.618711,42.6437139,33,0
2026-08-29T10:19:03Z,2026-08-29T10:29:05.07Z,1e00000990,141.6187436,42.6451952,122,0
2026-08-29T10:36:01Z,2026-08-29T11:25:05.888Z,1e00000990,141.6187986,42.6438872,30,0
2026-08-29T10:36:02Z,2026-08-29T11:25:05.888Z,1e00000990,141.6184684,42.6435189,171,0
2026-08-29T10:38:02Z,2026-08-29T11:25:05.888Z,1e00000990,141.6187167,42.6438208,72,0
2026-08-29T10:38:03Z,2026-08-29T11:25:05.888Z,1e00000990,141.6186281,42.6437826,121,0
2026-08-29T10:43:01Z,2026-08-29T11:25:05.888Z,1e00000990,141.618385,42.646099,177,0
2026-08-29T10:57:01Z,2026-08-29T11:25:05.888Z,1e00000990,141.6130018,42.6421544,135,0
2026-08-29T11:02:04Z,2026-08-29T11:25:05.888Z,1e00000990,141.6186834,42.6436931,23,0
2026-08-29T11:45:02Z,2026-08-29T12:28:05.25Z,1e00000990,141.6186977,42.6437276,92,0
2026-08-29T11:46:05Z,2026-08-29T12:28:05.25Z,1e00000990,141.6183781,42.6445024,50,0
2026-08-29T11:47:03Z,2026-08-29T12:28:05.25Z,1e00000990,141.6182011,42.6432663,166,0
2026-08-29T11:51:05Z,2026-08-29T12:28:05.25Z,1e00000990,141.6172873,42.6448816,81,0
2026-08-29T12:00:04Z,2026-08-29T12:28:05.25Z,1e00000990,141.6189704,42.6440517,75,0
2026-08-29T12:21:02Z,2026-08-29T13:36:05.231Z,1e00000990,141.6186004,42.6442577,45,0
2026-08-29T12:21:04Z,2026-08-29T13:36:05.231Z,1e00000990,141.6183983,42.6437613,95,0
2026-08-29T12:29:05Z,2026-08-29T13:36:05.231Z,1e00000990,141.618881,42.6440277,29,0
2026-08-29T12:31:04Z,2026-08-29T13:36:05.231Z,1e00000990,141.6188178,42.6440015,19,0
2026-08-29T12:56:03Z,2026-08-29T13:36:05.231Z,1e00000990,141.6189395,42.6432523,140,0
2026-08-29T13:01:05Z,2026-08-29T13:36:05.231Z,1e00000990,141.6186877,42.6434761,72,0
2026-08-29T13:18:03Z,2026-08-29T13:36:05.231Z,1e00000990,141.6193409,42.6446845,166,0
2026-08-29T13:25:03Z,2026-08-29T14:38:04.761Z,1e00000990,141.6186359,42.6440938,83,0
2026-08-29T13:31:05Z,2026-08-29T14:38:04.761Z,1e00000990,141.6186839,42.6440904,76,0
2026-08-29T13:34:03Z,2026-08-29T14:38:04.761Z,1e00000990,141.6186514,42.6435818,19,0
2026-08-29T13:36:05Z,2026-08-29T14:38:04.761Z,1e00000990,141.6185565,42.6433137,108,0
2026-08-29T13:49:02Z,2026-08-29T14:38:04.761Z,1e00000990,141.6187692,42.6500263,206,0
2026-08-29T13:49:04Z,2026-08-29T14:38:04.761Z,1e00000990,141.6186459,42.6436016,36,0
2026-08-29T13:52:03Z,2026-08-29T15:41:05.632Z,1e00000990,141.6185991,42.6441685,42,0
2026-08-29T14:18:03Z,2026-08-29T15:41:05.632Z,1e00000990,141.6190213,42.6440663,90,0
2026-08-29T14:28:03Z,2026-08-29T15:41:05.632Z,1e00000990,141.618343,42.6433929,139,0
2026-08-29T14:39:04Z,2026-08-29T22:13:04.641Z,1e00000990,141.6187407,42.6438263,40,0
2026-08-29T14:44:03Z,2026-08-29T22:13:04.641Z,1e00000990,141.6186019,42.6444291,23,0
2026-08-29T15:01:04Z,2026-08-29T22:13:04.641Z,1e00000990,141.6190744,42.645125,168,0
2026-08-29T15:13:04Z,2026-08-29T23:13:05.876Z,1e00000990,141.6184078,42.6435377,148,0
2026-08-29T15:23:03Z,2026-08-29T23:13:05.876Z,1e00000990,141.6186944,42.6437381,44,0
2026-08-29T15:23:22Z,2026-08-29T23:13:05.876Z,1e00000990,141.6193955,42.6435067,20,0
2026-08-29T15:29:03Z,2026-08-29T23:13:05.876Z,1e00000990,141.6189008,42.6438861,165,0
2026-08-29T15:39:05Z,2026-08-29T23:13:05.876Z,1e00000990,141.6186391,42.6442045,49,0
2026-08-29T22:50:06Z,2026-08-29T23:13:05.876Z,1e00000990,141.6285873,42.6512018,57,0
2026-08-29T22:51:06Z,2026-08-30T00:09:08.409Z,1e00000990,141.6285873,42.6512018,57,0
2026-08-29T22:51:34Z,2026-08-30T00:09:08.409Z,1e00000990,141.6289667,42.6513664,47,0
2026-08-29T22:56:06Z,2026-08-30T01:10:05.012Z,1e00000990,141.6292995,42.6511325,39,0
2026-08-29T23:04:06Z,2026-08-30T01:10:05.012Z,1e00000990,141.6293422,42.6509702,74,0
2026-08-29T23:16:06Z,2026-08-30T01:10:05.012Z,1e00000990,141.6293422,42.6509702,65,0
2026-08-29T23:21:05Z,2026-08-30T01:10:05.012Z,1e00000990,141.629364,42.650934,36,0
2026-08-29T23:27:05Z,2026-08-30T01:10:05.012Z,1e00000990,141.6293422,42.6509703,72,0
2026-08-29T23:42:04Z,2026-08-30T02:09:04.655Z,1e00000990,141.6293758,42.6509793,25,0
2026-08-29T23:50:04Z,2026-08-30T02:09:04.655Z,1e00000990,141.6292801,42.6510142,98,0
2026-08-30T00:07:06Z,2026-08-30T03:16:05.966Z,1e00000990,141.6187447,42.6483554,57,0
2026-08-30T00:15:05Z,2026-08-30T03:16:05.966Z,1e00000990,141.6185862,42.6483826,24,0
2026-08-30T01:11:05Z,2026-08-30T03:16:05.966Z,1e00000990,141.6187423,42.6483563,55,0
2026-08-30T01:17:05Z,2026-08-30T03:16:05.966Z,1e00000990,141.6187194,42.6483619,46,0
2026-08-30T01:21:07Z,2026-08-30T03:16:05.966Z,1e00000990,141.6181075,42.6482143,54,0
2026-08-30T01:40:05Z,2026-08-30T04:17:06.07Z,1e00000990,141.6187607,42.6484061,81,0
2026-08-30T02:25:07Z,2026-08-30T04:17:06.07Z,1e00000990,141.6187607,42.6484061,66,0
2026-08-30T02:38:06Z,2026-08-30T04:17:06.07Z,1e00000990,141.6146856,42.6452672,30,0
2026-08-30T03:35:06Z,2026-08-30T04:17:06.07Z,1e00000990,141.6131468,42.6468021,79,0
2026-08-30T03:36:08Z,2026-08-30T05:17:05.468Z,1e00000990,141.6130736,42.646801,74,0
2026-08-30T03:37:05Z,2026-08-30T05:17:05.468Z,1e00000990,141.6133223,42.6467863,19,0
2026-08-30T03:38:09Z,2026-08-30T06:18:05.485Z,1e00000990,141.6131061,42.6468765,93,0
2026-08-30T03:50:06Z,2026-08-30T06:18:05.485Z,1e00000990,141.6132106,42.6469707,82,0
2026-08-30T03:52:06Z,2026-08-30T06:18:05.485Z,1e00000990,141.6132618,42.6469209,65,0
2026-08-30T04:19:07Z,2026-08-30T07:27:05.346Z,1e00000990,141.6130333,42.6471021,68,0
2026-08-30T04:27:06Z,2026-08-30T07:27:05.346Z,1e00000990,141.6127482,42.6469772,98,0
2026-08-30T04:29:09Z,2026-08-30T08:22:05.351Z,1e00000990,141.6128304,42.6470782,53,0
2026-08-30T04:32:06Z,2026-08-30T08:22:05.351Z,1e00000990,141.6134227,42.6467237,48,0
2026-08-30T05:44:08Z,2026-08-30T08:22:05.351Z,1e00000990,141.6193619,42.6439493,139,0
2026-08-30T05:55:08Z,2026-08-30T21:46:05.737Z,1e00000990,141.6188692,42.6467703,46,0
2026-08-30T06:28:08Z,2026-08-30T21:46:05.737Z,1e00000990,141.6192924,42.6469854,20,0
2026-08-30T07:16:08Z,2026-08-30T21:46:05.737Z,1e00000990,141.6193556,42.6470112,32,0
2026-08-30T07:34:07Z,2026-08-30T21:46:05.737Z,1e00000990,141.6192112,42.647012,35,0
2026-08-30T07:36:08Z,2026-08-30T21:46:05.737Z,1e00000990,141.6188692,42.6467703,46,0
2026-08-30T08:45:07Z,2026-08-30T22:49:04.852Z,1e00000990,141.6200178,42.647298,108,0
2026-08-30T08:45:10Z,2026-08-30T22:49:04.852Z,1e00000990,141.6200178,42.647298,109,0
2026-08-30T08:55:09Z,2026-08-30T22:49:04.852Z,1e00000990,141.6188692,42.6467703,46,0
2026-08-30T22:08:11Z,2026-08-30T22:49:04.852Z,1e00000990,141.6187005,42.648386,66,0
2026-08-30T22:23:10Z,2026-08-31T00:54:05.519Z,1e00000990,141.6191301,42.6485242,71,0
2026-08-30T22:24:12Z,2026-08-31T00:54:05.519Z,1e00000990,141.6191831,42.6484898,67,0
2026-08-30T22:30:11Z,2026-08-31T00:54:05.519Z,1e00000990,141.6191831,42.6484898,64,0
2026-08-30T22:32:14Z,2026-08-31T00:54:05.519Z,1e00000990,141.6191831,42.6484898,64,0
2026-08-30T22:42:14Z,2026-08-31T07:11:05.754Z,1e00000990,141.6191831,42.6484898,94,0
2026-08-30T22:47:12Z,2026-08-31T07:11:05.754Z,1e00000990,141.6191831,42.6484898,72,0
2026-08-30T22:50:13Z,2026-08-31T07:11:05.754Z,1e00000990,141.6191831,42.6484898,67,0
2026-08-30T23:39:11Z,2026-08-31T07:11:05.754Z,1e00000990,141.6187629,42.648405,35,0
2026-08-31T01:10:11Z,2026-08-31T08:18:05.866Z,1e00000990,141.6192199,42.6484804,102,0
2026-08-31T01:10:12Z,2026-08-31T08:18:05.866Z,1e00000990,141.6191123,42.648486,46,0
2026-08-31T01:12:15Z,2026-08-31T08:18:05.866Z,1e00000990,141.6191574,42.6485307,82,0
2026-08-31T01:45:15Z,2026-08-31T21:35:04.978Z,1e00000990,141.619219,42.6485117,102,0
2026-08-31T07:23:14Z,2026-08-31T21:35:04.978Z,1e00000990,141.6202606,42.6473351,83,0
2026-08-31T07:30:15Z,2026-08-31T21:35:04.978Z,1e00000990,141.6201357,42.6472804,20,0
2026-08-31T07:54:13Z,2026-08-31T21:35:04.978Z,1e00000990,141.6196901,42.6477364,101,0
2026-08-31T07:57:15Z,2026-08-31T21:35:04.978Z,1e00000990,141.6222164,42.6479852,183,0
2026-08-31T08:16:16Z,2026-08-31T21:35:04.978Z,1e00000990,141.6200122,42.6472619,36,0
2026-08-31T08:17:16Z,2026-08-31T21:35:04.978Z,1e00000990,141.6196943,42.6477388,74,0
2026-08-31T08:19:14Z,2026-08-31T21:35:04.978Z,1e00000990,141.6196901,42.6477364,76,0
2026-08-31T21:59:20Z,2026-08-31T22:34:05.421Z,1e00000990,141.6154559,42.6470805,62,0
2026-08-31T22:01:18Z,2026-08-31T22:34:05.421Z,1e00000990,141.6158587,42.6475177,40,0
2026-08-31T22:01:20Z,2026-08-31T22:34:05.421Z,1e00000990,141.6158587,42.6475177,40,0
2026-08-31T22:02:17Z,2026-08-31T22:34:05.421Z,1e00000990,141.6187154,42.6485225,84,0
2026-08-31T22:05:20Z,2026-08-31T23:34:05.223Z,1e00000990,141.6190266,42.6485887,45,0
2026-08-31T22:11:20Z,2026-09-01T01:30:05.271Z,1e00000990,141.6190259,42.6485784,70,0
2026-08-31T22:25:18Z,2026-09-01T06:45:04.924Z,1e00000990,141.6190256,42.6485728,75,0
2026-08-31T22:27:20Z,2026-09-01T06:45:04.924Z,1e00000990,141.6191843,42.6484875,66,0
2026-08-31T23:02:18Z,2026-09-01T06:45:04.924Z,1e00000990,141.6193382,42.6484272,83,0
2026-08-31T23:09:18Z,2026-09-01T06:45:04.924Z,1e00000990,141.619934,42.6482467,117,0
2026-08-31T23:38:19Z,2026-09-01T06:45:04.924Z,1e00000990,141.6190435,42.6485618,52,0
